,filename,ATTRIBUTE_Species,ATTRIBUTE_Sppart,Sample_specificity,FC,Reported_comp_Species,Reported_comp_Genus,LC,SC,New_in_species,New_in_genus,CC,PR
7,LQ-01-61-37_pos.mzXML,Euonymus sanguineus,Euonymus sanguineus|Roots,0.8385321100917431,0.7394495412844037,1,515.0,1,1.0,"{'Unsaturated fatty acids', 'Dicarboxylic acids', 'Iridoids monoterpenoids', 'Furocoumarins', 'Phenylalanine-derived alkaloids', 'Arylnaphthalene and aryltetralin lignans', 'Purine alkaloids', 'Depsides and depsidones', 'Isoquinoline alkaloids', 'Primary amides', 'Aflatoxins', 'Isoflavanones', 'Isoflavones', 'Monocyclic monoterpenoids', 'Lanostane, Tirucallane and Euphane triterpenoids', 'Isocoumarins', 'Quinoline alkaloids', 'Pyranocoumarins', 'Simple phenolic acids', 'Aminoacids', 'Phenethylisoquinoline alkaloids', 'Oleanane triterpenoids', 'Phenylethylamines', 'Cinnamic acid amides', 'Tetrahydroisoquinoline alkaloids', 'Dihydroflavonols', 'Chromones', 'Triketide meroterpenoids', 'Pterocarpan', 'Tetraketide meroterpenoids', 'Rotenoids', 'Simple coumarins', 'Simple indole alkaloids', 'Paraliane diterpenoids', 'Daucane sesquiterpenoids', 'Flavanones', 'Azaphilones', 'Agarofuran sesquiterpenoids', 'Cyclic peptides', 'Fatty alcohols', 'Flavonols', 'Drimane sesquiterpenoids', 'Dipeptides', 'Hydroxy fatty acids', 'Cyanogenic glycosides', 'Flavones', 'Cinnamic acids and derivatives'}","{'Unsaturated fatty acids', 'Dicarboxylic acids', 'Iridoids monoterpenoids', 'Phenylalanine-derived alkaloids', 'Furocoumarins', 'Purine alkaloids', 'Depsides and depsidones', 'Isoquinoline alkaloids', 'Primary amides', 'Aflatoxins', 'Isoflavanones', 'Isoflavones', 'Monocyclic monoterpenoids', 'Isocoumarins', 'Quinoline alkaloids', 'Pyranocoumarins', 'Simple phenolic acids', 'Aminoacids', 'Phenethylisoquinoline alkaloids', 'Phenylethylamines', 'Cinnamic acid amides', 'Tetrahydroisoquinoline alkaloids', 'Dihydroflavonols', 'Chromones', 'Triketide meroterpenoids', 'Pterocarpan', 'Tetraketide meroterpenoids', 'Rotenoids', 'Simple coumarins', 'Simple indole alkaloids', 'Paraliane diterpenoids', 'Daucane sesquiterpenoids', 'Flavanones', 'Azaphilones', 'Cyclic peptides', 'Fatty alcohols', 'Drimane sesquiterpenoids', 'Dipeptides', 'Cyanogenic glycosides', 'Flavones'}",1.0,3.7394495412844035
15,LQ-01-61-07_pos.mzXML,Celastrus paniculatus,Celastrus paniculatus|Seeds,0.7134502923976608,0.6705653021442495,2,910.0,1,1.0,"{'Other Octadecanoids', 'Dicarboxylic acids', 'Iridoids monoterpenoids', 'Germacrane sesquiterpenoids', 'Purine alkaloids', 'Fatty acyl glycosides of mono- and disaccharides', 'Ceramides', 'Primary amides', 'Diacylglycerols', 'Polyamines', 'Taxane diterpenoids', 'Fatty aldehydes', 'Menthane monoterpenoids', 'Open-chain polyketides', 'Simple phenolic acids', 'Imidazole alkaloids', 'N-acyl ethanolamines (endocannabinoids)', 'Sphingoid bases', 'Nitro fatty acids', 'Macrolide lactones', 'Arteminisin', 'Cholane steroids', 'Straight chain fatty acids', 'Neutral glycosphingolipids', 'Aminosugars', 'Prostaglandins', 'Prenyl quinone meroterpenoids', 'Amino cyclitols', 'Trichothecane sesquiterpenoids', 'Paraliane diterpenoids', 'Labdane diterpenoids', 'Tetracyclic diterpenoids', 'Daucane sesquiterpenoids', 'Monoacylglycerols', 'Cucurbitane triterpenoids', 'Fatty alcohols', 'Drimane sesquiterpenoids', 'Dipeptides', 'Hydroxy fatty acids', 'Limonoids', 'Cholestane steroids', 'Cinnamic acids and derivatives'}","{'Dicarboxylic acids', 'Other Octadecanoids', 'Iridoids monoterpenoids', 'Germacrane sesquiterpenoids', 'Purine alkaloids', 'Fatty acyl glycosides of mono- and disaccharides', 'Ceramides', 'Primary amides', 'Polyamines', 'Diacylglycerols', 'Taxane diterpenoids', 'Fatty aldehydes', 'Open-chain polyketides', 'Imidazole alkaloids', 'N-acyl ethanolamines (endocannabinoids)', 'Sphingoid bases', 'Nitro fatty acids', 'Macrolide lactones', 'Arteminisin', 'Cholane steroids', 'Straight chain fatty acids', 'Neutral glycosphingolipids', 'Aminosugars', 'Prostaglandins', 'Prenyl quinone meroterpenoids', 'Amino cyclitols', 'Trichothecane sesquiterpenoids', 'Paraliane diterpenoids', 'Labdane diterpenoids', 'Tetracyclic diterpenoids', 'Daucane sesquiterpenoids', 'Monoacylglycerols', 'Cucurbitane triterpenoids', 'Drimane sesquiterpenoids', 'Dipeptides', 'Hydroxy fatty acids', 'Limonoids', 'Cholestane steroids', 'Cinnamic acids and derivatives'}",1.0,3.6705653021442495
4,LQ-01-61-27_pos.mzXML,Euonymus fortunei,Euonymus fortunei|Aerial_parts,0.8951612903225806,0.782258064516129,1,515.0,1,0.0,"{'Purine nucleosides', 'Other Octadecanoids', 'Dicarboxylic acids', 'Ecdysteroids', 'Iridoids monoterpenoids', 'Phenylalanine-derived alkaloids', 'Picrotoxane sesquiterpenoids', 'Purine alkaloids', 'Lupane triterpenoids', 'Primary amides', 'Chalcones', 'Lanostane, Tirucallane and Euphane triterpenoids', 'Open-chain polyketides', 'Pregnane steroids', 'Flavanones', 'Cucurbitane triterpenoids', 'Piperidine alkaloids', 'Simple phenolic acids', 'Fatty alcohols', 'Dipeptides', 'Secoiridoid monoterpenoids', 'Limonoids', 'Megastigmanes', 'Oleanane triterpenoids', 'Linear polyenes', '2-pyrone derivatives', 'Cyanogenic glycosides', 'Ursane and Taraxastane triterpenoids', 'Cinnamic acids and derivatives'}","{'Purine nucleosides', 'Other Octadecanoids', 'Ecdysteroids', 'Dicarboxylic acids', 'Iridoids monoterpenoids', 'Phenylalanine-derived alkaloids', 'Purine alkaloids', 'Primary amides', 'Open-chain polyketides', 'Simple phenolic acids', 'Secoiridoid monoterpenoids', '2-pyrone derivatives', 'Picrotoxane sesquiterpenoids', 'Lupane triterpenoids', 'Chalcones', 'Pregnane steroids', 'Flavanones', 'Cucurbitane triterpenoids', 'Piperidine alkaloids', 'Fatty alcohols', 'Dipeptides', 'Limonoids', 'Megastigmanes', 'Linear polyenes', 'Cyanogenic glycosides'}",1.0,2.782258064516129
6,LQ-01-61-23_pos.mzXML,Euonymus cochinchinensis,Euonymus cochinchinensis|Leaves,0.8050314465408805,0.7641509433962265,0,0.0,1,1.0,,,0.0,2.7641509433962264
8,LQ-01-61-28_pos.mzXML,Euonymus grandiflorus,Euonymus grandiflorus|Bark,0.810126582278481,0.7341772151898734,3,515.0,1,0.0,"{'Dicarboxylic acids', 'Iridoids monoterpenoids', 'Cholane steroids', 'Straight chain fatty acids', 'Lupane triterpenoids', 'Primary amides', 'Diacylglycerols', 'Simple coumarins', 'Lanostane, Tirucallane and Euphane triterpenoids', 'Open-chain polyketides', 'Pregnane steroids', 'Azaphilones', 'Cyclic peptides', 'Triacylglycerols', 'Aminoacids', 'Oleanane triterpenoids', 'Cyanogenic glycosides', 'Cholestane steroids', 'Vitamin D2 and derivatives', 'Cinnamic acids and derivatives'}","{'Dicarboxylic acids', 'Iridoids monoterpenoids', 'Open-chain polyketides', 'Cholane steroids', 'Pregnane steroids', 'Straight chain fatty acids', 'Azaphilones', 'Lupane triterpenoids', 'Cyclic peptides', 'Triacylglycerols', 'Aminoacids', 'Primary amides', 'Cyanogenic glycosides', 'Simple coumarins', 'Cholestane steroids', 'Vitamin D2 and derivatives'}",1.0,2.7341772151898733
10,LQ-01-61-47_pos.mzXML,Maytenus inermis,Maytenus inermis|Underground_parts,0.805,0.715,0,0.0,1,1.0,,,0.0,2.715
13,LQ-01-61-41_pos.mzXML,Loeseneriella concinna,Loeseneriella concinna|Stems,0.7735042735042735,0.6752136752136753,0,0.0,1,1.0,,,0.0,2.6752136752136755
14,LQ-01-61-62_pos.mzXML,Pleurostylia africana,Pleurostylia africana|Leaves,0.7440476190476191,0.6726190476190477,3,55.0,1,0.0,"{'Dicarboxylic acids', 'Pyrimidine nucleotides', 'Phenylalanine-derived alkaloids', 'Fatty acyl glycosides of mono- and disaccharides', 'Monomeric stilbenes', 'Primary amides', 'Diacylglycerols', 'Purine nucleotides', 'Lanostane, Tirucallane and Euphane triterpenoids', 'Open-chain polyketides', 'Fatty acyl homoserine lactones', 'Caryophyllane sesquiterpenoids', 'Simple phenolic acids', 'Steroidal alkaloids', 'Aminoglycosides', 'Pyrimidine nucleosides', 'Imidazole alkaloids', 'Sphingoid bases', 'N-acyl ethanolamines (endocannabinoids)', 'Flavones', 'Vitamin D2 and derivatives', 'Amino fatty acids', 'Cholane steroids', 'Picrotoxane sesquiterpenoids', 'Simple coumarins', 'Tripeptides', 'Flavonols', 'Fatty alcohols', 'Dipeptides', 'Hydroxy fatty acids', 'Cyanogenic glycosides', 'Cholestane steroids'}","{'Dicarboxylic acids', 'Pyrimidine nucleotides', 'Phenylalanine-derived alkaloids', 'Fatty acyl glycosides of mono- and disaccharides', 'Monomeric stilbenes', 'Primary amides', 'Diacylglycerols', 'Purine nucleotides', 'Lanostane, Tirucallane and Euphane triterpenoids', 'Open-chain polyketides', 'Fatty acyl homoserine lactones', 'Caryophyllane sesquiterpenoids', 'Simple phenolic acids', 'Steroidal alkaloids', 'Aminoglycosides', 'Pyrimidine nucleosides', 'Imidazole alkaloids', 'Sphingoid bases', 'N-acyl ethanolamines (endocannabinoids)', 'Vitamin D2 and derivatives', 'Amino fatty acids', 'Cholestane steroids', 'Cholane steroids', 'Picrotoxane sesquiterpenoids', 'Simple coumarins', 'Tripeptides', 'Flavonols', 'Fatty alcohols', 'Dipeptides', 'Hydroxy fatty acids', 'Cyanogenic glycosides', 'Flavones'}",1.0,2.6726190476190474
16,LQ-01-61-07_pos.mzXML,Celastrus paniculatus,Celastrus paniculatus|Seeds,0.7134502923976608,0.6705653021442495,85,910.0,0,1.0,"{'Other Octadecanoids', 'Dicarboxylic acids', 'Iridoids monoterpenoids', 'Germacrane sesquiterpenoids', 'Purine alkaloids', 'Fatty acyl glycosides of mono- and disaccharides', 'Ceramides', 'Primary amides', 'Diacylglycerols', 'Polyamines', 'Taxane diterpenoids', 'Fatty aldehydes', 'Menthane monoterpenoids', 'Open-chain polyketides', 'Simple phenolic acids', 'Imidazole alkaloids', 'N-acyl ethanolamines (endocannabinoids)', 'Sphingoid bases', 'Nitro fatty acids', 'Macrolide lactones', 'Arteminisin', 'Cholane steroids', 'Straight chain fatty acids', 'Neutral glycosphingolipids', 'Aminosugars', 'Prostaglandins', 'Prenyl quinone meroterpenoids', 'Amino cyclitols', 'Trichothecane sesquiterpenoids', 'Paraliane diterpenoids', 'Labdane diterpenoids', 'Tetracyclic diterpenoids', 'Daucane sesquiterpenoids', 'Monoacylglycerols', 'Cucurbitane triterpenoids', 'Fatty alcohols', 'Drimane sesquiterpenoids', 'Dipeptides', 'Hydroxy fatty acids', 'Limonoids', 'Cholestane steroids', 'Cinnamic acids and derivatives'}","{'Dicarboxylic acids', 'Other Octadecanoids', 'Iridoids monoterpenoids', 'Germacrane sesquiterpenoids', 'Purine alkaloids', 'Fatty acyl glycosides of mono- and disaccharides', 'Ceramides', 'Primary amides', 'Polyamines', 'Diacylglycerols', 'Taxane diterpenoids', 'Fatty aldehydes', 'Open-chain polyketides', 'Imidazole alkaloids', 'N-acyl ethanolamines (endocannabinoids)', 'Sphingoid bases', 'Nitro fatty acids', 'Macrolide lactones', 'Arteminisin', 'Cholane steroids', 'Straight chain fatty acids', 'Neutral glycosphingolipids', 'Aminosugars', 'Prostaglandins', 'Prenyl quinone meroterpenoids', 'Amino cyclitols', 'Trichothecane sesquiterpenoids', 'Paraliane diterpenoids', 'Labdane diterpenoids', 'Tetracyclic diterpenoids', 'Daucane sesquiterpenoids', 'Monoacylglycerols', 'Cucurbitane triterpenoids', 'Drimane sesquiterpenoids', 'Dipeptides', 'Hydroxy fatty acids', 'Limonoids', 'Cholestane steroids', 'Cinnamic acids and derivatives'}",1.0,2.6705653021442495
17,LQ-01-61-70_pos.mzXML,Salacia cochinchinensis,Salacia cochinchinensis|Underground_parts,0.6829268292682927,0.6585365853658537,0,0.0,1,1.0,,,0.0,2.658536585365854
19,LQ-01-61-09_pos.mzXML,Celastrus paniculatus,Celastrus paniculatus|Bark,0.6857142857142857,0.6428571428571429,2,910.0,1,0.0,"{'Dicarboxylic acids', 'Kavalactones and derivatives', 'Cholane steroids', 'Straight chain fatty acids', 'Piperidine alkaloids', 'Prostaglandins', 'Simple phenolic acids', 'Wax monoesters', 'Primary amides', 'Simple coumarins', 'Cholestane steroids'}","{'Dicarboxylic acids', 'Cholane steroids', 'Straight chain fatty acids', 'Piperidine alkaloids', 'Prostaglandins', 'Simple coumarins', 'Wax monoesters', 'Primary amides', 'Kavalactones and derivatives', 'Cholestane steroids'}",1.0,2.642857142857143
22,LQ-01-61-19_pos.mzXML,Euonymus bockii,Euonymus bockii|Leaves,0.6525974025974026,0.6168831168831169,0,0.0,1,1.0,,,0.0,2.616883116883117
23,LQ-01-61-56_pos.mzXML,Maytenus undata,Maytenus undata|Roots,0.6613272311212814,0.6132723112128147,14,398.0,0,1.0,"{'Dicarboxylic acids', 'Other Octadecanoids', 'Humulane sesquiterpenoids', 'Iridoids monoterpenoids', 'Acyl phloroglucinols', 'Germacrane sesquiterpenoids', 'Arylnaphthalene and aryltetralin lignans', 'Primary amides', 'Polyamines', 'Fatty aldehydes', 'Menthane monoterpenoids', 'Lanostane, Tirucallane and Euphane triterpenoids', 'Open-chain polyketides', 'Pyridine alkaloids', 'Simple phenolic acids', 'Eremophilane sesquiterpenoids', 'Aminoacids', 'Imidazole alkaloids', 'Apocarotenoids (Ψ-)', 'Ursane and Taraxastane triterpenoids', 'Cholane steroids', 'Arteminisin', 'Abeolupane triterpenoids', 'Kaurane and Phyllocladane diterpenoids', 'Furofuranoid lignans', 'Phenylethanoids', 'Lupane triterpenoids', 'Dibenzocyclooctadienes lignans', 'Trichothecane sesquiterpenoids', 'Paraliane diterpenoids', 'Tetracyclic diterpenoids', 'Daucane sesquiterpenoids', 'Totarane diterpenoids', 'Piperidine alkaloids', 'Farnesane sesquiterpenoids', 'Agarofuran sesquiterpenoids', 'Drimane sesquiterpenoids', 'Limonoids', 'Cinnamic acids and derivatives', 'Furanoid lignans', 'Dipeptides', 'Hydroxy fatty acids', 'Cyanogenic glycosides', 'Apocarotenoids (β-)'}","{'Dicarboxylic acids', 'Other Octadecanoids', 'Humulane sesquiterpenoids', 'Iridoids monoterpenoids', 'Acyl phloroglucinols', 'Germacrane sesquiterpenoids', 'Arylnaphthalene and aryltetralin lignans', 'Primary amides', 'Polyamines', 'Fatty aldehydes', 'Menthane monoterpenoids', 'Lanostane, Tirucallane and Euphane triterpenoids', 'Open-chain polyketides', 'Pyridine alkaloids', 'Simple phenolic acids', 'Eremophilane sesquiterpenoids', 'Aminoacids', 'Imidazole alkaloids', 'Apocarotenoids (Ψ-)', 'Ursane and Taraxastane triterpenoids', 'Cholane steroids', 'Arteminisin', 'Abeolupane triterpenoids', 'Kaurane and Phyllocladane diterpenoids', 'Furofuranoid lignans', 'Phenylethanoids', 'Lupane triterpenoids', 'Dibenzocyclooctadienes lignans', 'Trichothecane sesquiterpenoids', 'Paraliane diterpenoids', 'Tetracyclic diterpenoids', 'Daucane sesquiterpenoids', 'Totarane diterpenoids', 'Apocarotenoids (β-)', 'Piperidine alkaloids', 'Farnesane sesquiterpenoids', 'Agarofuran sesquiterpenoids', 'Drimane sesquiterpenoids', 'Limonoids', 'Dipeptides', 'Furanoid lignans', 'Hydroxy fatty acids', 'Cyanogenic glycosides', 'Cinnamic acids and derivatives'}",1.0,2.613272311212815
27,LQ-01-61-73_pos.mzXML,Tripterygium hypoglaucum,Tripterygium hypoglaucum|Roots,0.6137724550898204,0.6017964071856288,267,1608.0,0,1.0,"{'Unsaturated fatty acids', 'Other Octadecanoids', 'Purine nucleosides', 'Germacrane sesquiterpenoids', 'Purine alkaloids', 'Lactarane sesquiterpenoids', 'Anthraquinones and anthrones', 'Primary amides', 'Diacylglycerols', 'Monocyclic monoterpenoids', 'Open-chain polyketides', 'Monosaccharides', 'Apocarotenoids (Ψ-)', '3-Decalinoyltetramic acids', 'Jasmonic acids', 'Cannabinoids', 'Triketide meroterpenoids', 'Estrane steroids', 'Lupane triterpenoids', 'Prostaglandins', 'Tetraketide meroterpenoids', 'Amino cyclitols', 'Prenyl quinone meroterpenoids', 'Monacolins and Monacolin derivatives', 'Simple coumarins', 'Labdane diterpenoids', 'Daucane sesquiterpenoids', 'Polyene macrolides', 'Piperidine alkaloids', 'Norlabdane diterpenoids', 'Androstane steroids', 'Fatty alcohols', 'Dipeptides', 'Drimane sesquiterpenoids', 'Limonoids', 'Apocarotenoids (β-)'}","{'Unsaturated fatty acids', 'Other Octadecanoids', 'Purine nucleosides', 'Germacrane sesquiterpenoids', 'Purine alkaloids', 'Lactarane sesquiterpenoids', 'Anthraquinones and anthrones', 'Primary amides', 'Diacylglycerols', 'Monocyclic monoterpenoids', 'Open-chain polyketides', 'Monosaccharides', 'Apocarotenoids (Ψ-)', '3-Decalinoyltetramic acids', 'Jasmonic acids', 'Cannabinoids', 'Triketide meroterpenoids', 'Estrane steroids', 'Prostaglandins', 'Tetraketide meroterpenoids', 'Amino cyclitols', 'Prenyl quinone meroterpenoids', 'Monacolins and Monacolin derivatives', 'Simple coumarins', 'Daucane sesquiterpenoids', 'Polyene macrolides', 'Androstane steroids', 'Fatty alcohols', 'Dipeptides', 'Limonoids'}",1.0,2.6017964071856285
29,LQ-01-61-15_pos.mzXML,Euonymus alatus,Euonymus alatus|Stems,0.7096774193548387,0.5806451612903226,1,515.0,1,0.0,"{'Amino fatty acids', 'Iridoids monoterpenoids', 'Quinoline alkaloids', 'Prostaglandins', 'Aminoacids', 'Flavones', 'Isoflavones'}","{'Amino fatty acids', 'Iridoids monoterpenoids', 'Quinoline alkaloids', 'Prostaglandins', 'Aminoacids', 'Flavones', 'Isoflavones'}",1.0,2.5806451612903225
31,LQ-01-61-14_pos.mzXML,Evonymopsis sp,Evonymopsis sp|Underground_parts,0.6206030150753769,0.5778894472361809,0,0.0,1,1.0,,,0.0,2.577889447236181
32,LQ-01-61-08_pos.mzXML,Celastrus paniculatus,Celastrus paniculatus|Leaves,0.696969696969697,0.5757575757575758,2,910.0,1,0.0,"{'12-oxophytodienoic acid metabolites', 'Aminoacids', 'Quinazoline alkaloids', 'Cyclophytane diterpenoids', 'Simple coumarins', 'Labdane diterpenoids', 'Apocarotenoids (β-)'}","{'12-oxophytodienoic acid metabolites', 'Aminoacids', 'Quinazoline alkaloids', 'Cyclophytane diterpenoids', 'Simple coumarins', 'Labdane diterpenoids', 'Apocarotenoids (β-)'}",1.0,2.5757575757575757
34,LQ-01-61-29_pos.mzXML,Euonymus alatus,Euonymus alatus|Bark,0.624113475177305,0.5673758865248227,1,515.0,1,0.0,"{'Unsaturated fatty acids', 'Germacrane sesquiterpenoids', 'Lactarane sesquiterpenoids', 'Depsides and depsidones', 'Primary amides', 'Aflatoxins', 'Open-chain polyketides', 'Simple phenolic acids', 'Spirostane steroids', 'Aminoacids', 'Cholane steroids', 'Lupane triterpenoids', 'Prostaglandins', 'Dammarane and Protostane triterpenoids', 'Pregnane steroids', 'Dipeptides', 'Limonoids', 'Cyclophytane diterpenoids', 'Cyanogenic glycosides', 'Cholestane steroids', 'Apocarotenoids (β-)'}","{'Unsaturated fatty acids', 'Germacrane sesquiterpenoids', 'Lactarane sesquiterpenoids', 'Depsides and depsidones', 'Primary amides', 'Aflatoxins', 'Open-chain polyketides', 'Simple phenolic acids', 'Spirostane steroids', 'Aminoacids', 'Cholane steroids', 'Lupane triterpenoids', 'Prostaglandins', 'Dammarane and Protostane triterpenoids', 'Pregnane steroids', 'Dipeptides', 'Limonoids', 'Cyclophytane diterpenoids', 'Cyanogenic glycosides', 'Cholestane steroids', 'Apocarotenoids (β-)'}",1.0,2.5673758865248226
36,LQ-01-61-31_pos.mzXML,Euonymus frigidus,Euonymus frigidus|Roots,0.601123595505618,0.5646067415730337,0,0.0,1,1.0,,,0.0,2.5646067415730336
42,LQ-01-61-22_pos.mzXML,Euonymus cochinchinensis,Euonymus cochinchinensis|Roots,0.5755968169761273,0.519893899204244,0,0.0,1,1.0,,,0.0,2.519893899204244
45,LQ-01-61-74_pos.mzXML,Tripterygium wilfordii,Tripterygium wilfordii|Roots,0.5349794238683128,0.49382716049382713,1169,1608.0,0,1.0,"{'Unsaturated fatty acids', 'Other Octadecanoids', 'Beyerane diterpenoids', 'Germacrane sesquiterpenoids', 'Primary amides', 'Purine nucleotides', 'Isoflavones', 'Isocoumarins', 'Simple phenolic acids', 'Aminoacids', 'Biaryl type diarylheptanoids', 'Quassinoids', 'Jasmonic acids', 'Cannabinoids', 'Triketide meroterpenoids', 'Prostaglandins', 'Tetraketide meroterpenoids', 'Prenyl quinone meroterpenoids', 'Simple coumarins', 'Tetracyclic diterpenoids', 'Monoacylglycerols', 'Triacylglycerols', 'Cholestane steroids', 'N-acyl amines', 'Cinnamic acids and derivatives'}","{'Unsaturated fatty acids', 'Other Octadecanoids', 'Beyerane diterpenoids', 'Germacrane sesquiterpenoids', 'Primary amides', 'Purine nucleotides', 'Isoflavones', 'Isocoumarins', 'Simple phenolic acids', 'Aminoacids', 'Biaryl type diarylheptanoids', 'Quassinoids', 'Jasmonic acids', 'Cannabinoids', 'Triketide meroterpenoids', 'Prostaglandins', 'Tetraketide meroterpenoids', 'Prenyl quinone meroterpenoids', 'Simple coumarins', 'Tetracyclic diterpenoids', 'Monoacylglycerols', 'Triacylglycerols', 'Cholestane steroids', 'N-acyl amines', 'Cinnamic acids and derivatives'}",1.0,2.493827160493827
46,LQ-01-61-54_pos.mzXML,Maytenus undata,Maytenus undata|Leaves,0.5665236051502146,0.49356223175965663,14,398.0,0,1.0,"{'Unsaturated fatty acids', 'Other Octadecanoids', 'Abietane diterpenoids', 'Furocoumarins', 'Germacrane sesquiterpenoids', 'Irregular monoterpenoids', 'Primary amides', 'Lanostane, Tirucallane and Euphane triterpenoids', 'Imidazole alkaloids', 'Sphingoid bases', 'Flavones', 'Ursane and Taraxastane triterpenoids', 'Jasmonic acids', 'Cholane steroids', 'Straight chain fatty acids', 'Lupane triterpenoids', 'Prenyl quinone meroterpenoids', 'Trichothecane sesquiterpenoids', 'Simple coumarins', 'Paraliane diterpenoids', 'Labdane diterpenoids', 'Daucane sesquiterpenoids', 'Flavanones', 'Androstane steroids', 'Agarofuran sesquiterpenoids', 'Fusidane triterpenoids', 'Drimane sesquiterpenoids', 'Hydroxy fatty acids', 'Triacylglycerols', 'Cinnamic acids and derivatives', 'Megastigmanes', 'Cyanogenic glycosides', 'Cholestane steroids', 'Apocarotenoids (β-)'}","{'Unsaturated fatty acids', 'Other Octadecanoids', 'Abietane diterpenoids', 'Furocoumarins', 'Germacrane sesquiterpenoids', 'Irregular monoterpenoids', 'Primary amides', 'Lanostane, Tirucallane and Euphane triterpenoids', 'Imidazole alkaloids', 'Sphingoid bases', 'Ursane and Taraxastane triterpenoids', 'Jasmonic acids', 'Cholestane steroids', 'Cholane steroids', 'Straight chain fatty acids', 'Lupane triterpenoids', 'Prenyl quinone meroterpenoids', 'Trichothecane sesquiterpenoids', 'Simple coumarins', 'Paraliane diterpenoids', 'Labdane diterpenoids', 'Daucane sesquiterpenoids', 'Flavanones', 'Apocarotenoids (β-)', 'Androstane steroids', 'Agarofuran sesquiterpenoids', 'Fusidane triterpenoids', 'Drimane sesquiterpenoids', 'Hydroxy fatty acids', 'Triacylglycerols', 'Megastigmanes', 'Cyanogenic glycosides', 'Flavones', 'Cinnamic acids and derivatives'}",1.0,2.4935622317596566
48,LQ-01-61-03_pos.mzXML,Catha edulis,Catha edulis|Roots,0.5093167701863354,0.484472049689441,133,133.0,0,1.0,"{'Dicarboxylic acids', 'Furocoumarins', 'Germacrane sesquiterpenoids', 'Corynanthe type', 'Linear diarylheptanoids', 'Primary amides', 'Apocarotenoids(ε-)', 'Lanostane, Tirucallane and Euphane triterpenoids', 'Isocoumarins', 'Pyranocoumarins', 'Simple phenolic acids', 'Pyrimidine nucleosides', 'Oleanane triterpenoids', 'Vitamin D2 and derivatives', 'Ursane and Taraxastane triterpenoids', 'Cholane steroids', 'Kaurane and Phyllocladane diterpenoids', 'Abeolupane triterpenoids', 'Triketide meroterpenoids', 'Eudesmane sesquiterpenoids', 'Lupane triterpenoids', 'Prostaglandins', 'Tetraketide meroterpenoids', 'Prenyl quinone meroterpenoids', 'Amino cyclitols', 'Simple coumarins', 'Cembrane diterpenoids', 'Daucane sesquiterpenoids', 'Drimane sesquiterpenoids', 'Dipeptides', 'Cinnamic acids and derivatives', 'Cyanogenic glycosides', 'Cholestane steroids', 'Ergostane steroids', 'Apocarotenoids (β-)'}","{'Dicarboxylic acids', 'Furocoumarins', 'Germacrane sesquiterpenoids', 'Corynanthe type', 'Linear diarylheptanoids', 'Primary amides', 'Apocarotenoids(ε-)', 'Lanostane, Tirucallane and Euphane triterpenoids', 'Isocoumarins', 'Pyranocoumarins', 'Simple phenolic acids', 'Pyrimidine nucleosides', 'Oleanane triterpenoids', 'Ursane and Taraxastane triterpenoids', 'Vitamin D2 and derivatives', 'Cholane steroids', 'Kaurane and Phyllocladane diterpenoids', 'Abeolupane triterpenoids', 'Triketide meroterpenoids', 'Eudesmane sesquiterpenoids', 'Lupane triterpenoids', 'Prostaglandins', 'Tetraketide meroterpenoids', 'Prenyl quinone meroterpenoids', 'Amino cyclitols', 'Simple coumarins', 'Cembrane diterpenoids', 'Daucane sesquiterpenoids', 'Apocarotenoids (β-)', 'Drimane sesquiterpenoids', 'Dipeptides', 'Cyanogenic glycosides', 'Cholestane steroids', 'Ergostane steroids', 'Cinnamic acids and derivatives'}",1.0,2.4844720496894412
50,LQ-01-61-55_pos.mzXML,Maytenus undata,Maytenus undata|Stems,0.5218579234972678,0.4781420765027322,14,398.0,0,1.0,"{'Unsaturated fatty acids', 'Dicarboxylic acids', 'Dibenzylbutyrolactone lignans', 'Abietane diterpenoids', 'Primary amides', 'Methyl xanthones', 'Menthane monoterpenoids', 'Monocyclic monoterpenoids', 'Lanostane, Tirucallane and Euphane triterpenoids', 'Open-chain polyketides', 'Pyridine alkaloids', 'Caryophyllane sesquiterpenoids', 'Quinoline alkaloids', 'Simple phenolic acids', 'Imidazole alkaloids', 'Apocarotenoids (Ψ-)', 'Ursane and Taraxastane triterpenoids', 'Cholane steroids', 'Cannabinoids', 'Abeolupane triterpenoids', 'Arteminisin', 'Triketide meroterpenoids', 'Valerenane sesquiterpenoids', 'Lupane triterpenoids', 'Lactones', 'Amino cyclitols', 'Trichothecane sesquiterpenoids', 'Chalcones', 'Labdane diterpenoids', 'Tetracyclic diterpenoids', 'Daucane sesquiterpenoids', 'Branched fatty acids', 'Monoacylglycerols', 'Agarofuran sesquiterpenoids', 'Androstane steroids', 'Cyclic peptides', 'Drimane sesquiterpenoids', 'Limonoids', 'Furanoid lignans', 'Cinnamic acids and derivatives'}","{'Unsaturated fatty acids', 'Dicarboxylic acids', 'Dibenzylbutyrolactone lignans', 'Abietane diterpenoids', 'Primary amides', 'Methyl xanthones', 'Menthane monoterpenoids', 'Monocyclic monoterpenoids', 'Lanostane, Tirucallane and Euphane triterpenoids', 'Open-chain polyketides', 'Pyridine alkaloids', 'Caryophyllane sesquiterpenoids', 'Quinoline alkaloids', 'Simple phenolic acids', 'Imidazole alkaloids', 'Apocarotenoids (Ψ-)', 'Ursane and Taraxastane triterpenoids', 'Cholane steroids', 'Cannabinoids', 'Abeolupane triterpenoids', 'Arteminisin', 'Triketide meroterpenoids', 'Valerenane sesquiterpenoids', 'Lupane triterpenoids', 'Lactones', 'Amino cyclitols', 'Trichothecane sesquiterpenoids', 'Chalcones', 'Labdane diterpenoids', 'Tetracyclic diterpenoids', 'Daucane sesquiterpenoids', 'Branched fatty acids', 'Monoacylglycerols', 'Agarofuran sesquiterpenoids', 'Androstane steroids', 'Cyclic peptides', 'Drimane sesquiterpenoids', 'Limonoids', 'Furanoid lignans', 'Cinnamic acids and derivatives'}",1.0,2.478142076502732
51,LQ-01-61-72_pos.mzXML,Salacighia letestuana,Salacighia letestuana|Fruits,0.5033557046979866,0.4697986577181208,0,0.0,1,1.0,,,0.0,2.469798657718121
56,LQ-01-61-04_pos.mzXML,Catha edulis,Catha edulis|Aerial_parts,0.4632768361581921,0.4350282485875706,133,133.0,0,1.0,"{'Dicarboxylic acids', 'Humulane sesquiterpenoids', 'Germacrane sesquiterpenoids', 'Arylnaphthalene and aryltetralin lignans', 'Corynanthe type', 'Simple oxindole alkaloids', 'Isoquinoline alkaloids', 'Yohimbine-like alkaloids', '3-Spirotetramic acids', 'Lanostane, Tirucallane and Euphane triterpenoids', 'Quinoline alkaloids', 'Simple phenolic acids', 'Nitro fatty acids', 'Ursane and Taraxastane triterpenoids', 'Chromones', 'Cholane steroids', 'Triketide meroterpenoids', 'Lupane triterpenoids', 'Prostaglandins', 'Tetraketide meroterpenoids', 'Daucane sesquiterpenoids', 'Cucurbitane triterpenoids', 'Piperidine alkaloids', 'Fusidane triterpenoids', 'Dipeptides', 'Cyclamides', 'Drimane sesquiterpenoids', 'Cyanogenic glycosides', 'Cholestane steroids', 'Ergostane steroids'}","{'Dicarboxylic acids', 'Humulane sesquiterpenoids', 'Germacrane sesquiterpenoids', 'Arylnaphthalene and aryltetralin lignans', 'Corynanthe type', 'Simple oxindole alkaloids', 'Isoquinoline alkaloids', 'Yohimbine-like alkaloids', '3-Spirotetramic acids', 'Lanostane, Tirucallane and Euphane triterpenoids', 'Quinoline alkaloids', 'Simple phenolic acids', 'Nitro fatty acids', 'Ursane and Taraxastane triterpenoids', 'Chromones', 'Cholane steroids', 'Triketide meroterpenoids', 'Lupane triterpenoids', 'Prostaglandins', 'Tetraketide meroterpenoids', 'Daucane sesquiterpenoids', 'Cucurbitane triterpenoids', 'Piperidine alkaloids', 'Fusidane triterpenoids', 'Dipeptides', 'Cyclamides', 'Drimane sesquiterpenoids', 'Cyanogenic glycosides', 'Cholestane steroids', 'Ergostane steroids'}",1.0,2.4350282485875705
62,LQ-01-61-16_pos.mzXML,Euonymus alatus,Euonymus alatus|Leaves,0.49586776859504134,0.4214876033057851,1,515.0,1,0.0,"{'Dicarboxylic acids', 'Other Octadecanoids', 'Unsaturated fatty acids', 'Other Eicosanoids', 'Polyamines', 'Apocarotenoids(ε-)', '3-Spirotetramic acids', 'Open-chain polyketides', 'Aminoglycosides', 'Other Docosanoids', 'Aminoacids', 'N-acyl ethanolamines (endocannabinoids)', 'Macrolide lactones', 'Vitamin D2 and derivatives', 'Anthocyanidins', 'Amino fatty acids', 'Estrane steroids', 'Prostaglandins', 'Simple coumarins', 'Tetracyclic diterpenoids', 'Daucane sesquiterpenoids', 'Pregnane steroids', 'Piperidine alkaloids', 'Androstane steroids', 'Fatty alcohols', 'Triacylglycerols', 'Flavones', 'N-acyl amines'}","{'Dicarboxylic acids', 'Other Octadecanoids', 'Unsaturated fatty acids', 'Other Eicosanoids', 'Apocarotenoids(ε-)', 'Polyamines', '3-Spirotetramic acids', 'Open-chain polyketides', 'Aminoglycosides', 'Other Docosanoids', 'Aminoacids', 'N-acyl ethanolamines (endocannabinoids)', 'Macrolide lactones', 'Vitamin D2 and derivatives', 'Anthocyanidins', 'Amino fatty acids', 'Estrane steroids', 'Prostaglandins', 'Simple coumarins', 'Tetracyclic diterpenoids', 'Daucane sesquiterpenoids', 'Pregnane steroids', 'Piperidine alkaloids', 'Androstane steroids', 'Fatty alcohols', 'Triacylglycerols', 'Flavones', 'N-acyl amines'}",1.0,2.421487603305785
64,LQ-01-61-35_pos.mzXML,Euonymus myrianthus,Euonymus myrianthus|Stems,0.5051020408163265,0.41836734693877553,0,0.0,1,1.0,,,0.0,2.4183673469387754
68,LQ-01-61-38_pos.mzXML,Euonymus sanguineus,Euonymus sanguineus|Stems,0.4339622641509434,0.4056603773584906,1,515.0,1,0.0,"{'Dicarboxylic acids', 'Other Octadecanoids', 'Acyl phloroglucinols', 'Fatty acyl glycosides of mono- and disaccharides', 'Lupane triterpenoids', 'Prostaglandins', 'Depsides and depsidones', 'Simple coumarins', 'Menthane monoterpenoids', 'Daucane sesquiterpenoids', 'Polyether ionophores', 'Lanostane, Tirucallane and Euphane triterpenoids', 'Caryophyllane sesquiterpenoids', 'Quinoline alkaloids', 'Agarofuran sesquiterpenoids', 'Simple phenolic acids', 'Flavan-3-ols', 'Dipeptides', 'Hydroxy fatty acids', 'Aminoacids', 'Shikimic acids and derivatives', 'Cyanogenic glycosides', 'Cinnamic acids and derivatives'}","{'Dicarboxylic acids', 'Other Octadecanoids', 'Menthane monoterpenoids', 'Daucane sesquiterpenoids', 'Polyether ionophores', 'Acyl phloroglucinols', 'Caryophyllane sesquiterpenoids', 'Fatty acyl glycosides of mono- and disaccharides', 'Quinoline alkaloids', 'Lupane triterpenoids', 'Prostaglandins', 'Simple phenolic acids', 'Dipeptides', 'Depsides and depsidones', 'Aminoacids', 'Shikimic acids and derivatives', 'Cyanogenic glycosides', 'Simple coumarins'}",1.0,2.4056603773584904
73,LQ-01-61-20_pos.mzXML,Euonymus maackii,Euonymus maackii|Stems,0.4642857142857143,0.39285714285714285,4,515.0,1,0.0,"{'Dicarboxylic acids', 'Other Octadecanoids', 'Unsaturated fatty acids', 'Dibenzylbutyrolactone lignans', 'Iridoids monoterpenoids', 'Germacrane sesquiterpenoids', 'Purine alkaloids', 'Fatty acyl glycosides of mono- and disaccharides', 'Primary amides', 'Polyamines', 'Purine nucleotides', 'Fatty aldehydes', 'Lanostane, Tirucallane and Euphane triterpenoids', 'Open-chain polyketides', 'Pyridine alkaloids', 'Hydrocarbons', 'Simple phenolic acids', 'Eremophilane sesquiterpenoids', 'Secoiridoid monoterpenoids', 'Imidazole alkaloids', 'Aminoacids', 'Sphingoid bases', 'Oleanane triterpenoids', 'Flavones', 'Ursane and Taraxastane triterpenoids', 'Vitamin D2 and derivatives', 'Cardenolides', 'Cholane steroids', 'Kaurane and Phyllocladane diterpenoids', 'Straight chain fatty acids', 'Prostaglandins', 'Lactones', 'Rotenoids', 'Simple coumarins', 'Labdane diterpenoids', 'Flavanones', 'Monoacylglycerols', 'Bisabolane sesquiterpenoids', 'Cyclic peptides', 'Drimane sesquiterpenoids', 'Hydroxy fatty acids', 'Dipeptides', 'Triacylglycerols', 'Cyclophytane diterpenoids', 'Cholestane steroids', 'Ergostane steroids', 'Cinnamic acids and derivatives'}","{'Dicarboxylic acids', 'Other Octadecanoids', 'Dibenzylbutyrolactone lignans', 'Unsaturated fatty acids', 'Iridoids monoterpenoids', 'Germacrane sesquiterpenoids', 'Purine alkaloids', 'Fatty acyl glycosides of mono- and disaccharides', 'Primary amides', 'Polyamines', 'Purine nucleotides', 'Fatty aldehydes', 'Open-chain polyketides', 'Hydrocarbons', 'Simple phenolic acids', 'Eremophilane sesquiterpenoids', 'Secoiridoid monoterpenoids', 'Imidazole alkaloids', 'Aminoacids', 'Sphingoid bases', 'Vitamin D2 and derivatives', 'Cholestane steroids', 'Cholane steroids', 'Kaurane and Phyllocladane diterpenoids', 'Straight chain fatty acids', 'Prostaglandins', 'Lactones', 'Rotenoids', 'Simple coumarins', 'Labdane diterpenoids', 'Flavanones', 'Monoacylglycerols', 'Bisabolane sesquiterpenoids', 'Cyclic peptides', 'Drimane sesquiterpenoids', 'Dipeptides', 'Triacylglycerols', 'Cyclophytane diterpenoids', 'Flavones', 'Ergostane steroids'}",1.0,2.392857142857143
74,LQ-01-61-20_pos.mzXML,Euonymus maackii,Euonymus maackii|Stems,0.4642857142857143,0.39285714285714285,4,515.0,1,0.0,"{'Dicarboxylic acids', 'Other Octadecanoids', 'Unsaturated fatty acids', 'Dibenzylbutyrolactone lignans', 'Iridoids monoterpenoids', 'Germacrane sesquiterpenoids', 'Purine alkaloids', 'Fatty acyl glycosides of mono- and disaccharides', 'Primary amides', 'Polyamines', 'Purine nucleotides', 'Fatty aldehydes', 'Lanostane, Tirucallane and Euphane triterpenoids', 'Open-chain polyketides', 'Pyridine alkaloids', 'Hydrocarbons', 'Simple phenolic acids', 'Eremophilane sesquiterpenoids', 'Secoiridoid monoterpenoids', 'Imidazole alkaloids', 'Aminoacids', 'Sphingoid bases', 'Oleanane triterpenoids', 'Flavones', 'Ursane and Taraxastane triterpenoids', 'Vitamin D2 and derivatives', 'Cardenolides', 'Cholane steroids', 'Kaurane and Phyllocladane diterpenoids', 'Straight chain fatty acids', 'Prostaglandins', 'Lactones', 'Rotenoids', 'Simple coumarins', 'Labdane diterpenoids', 'Flavanones', 'Monoacylglycerols', 'Bisabolane sesquiterpenoids', 'Cyclic peptides', 'Drimane sesquiterpenoids', 'Hydroxy fatty acids', 'Dipeptides', 'Triacylglycerols', 'Cyclophytane diterpenoids', 'Cholestane steroids', 'Ergostane steroids', 'Cinnamic acids and derivatives'}","{'Dicarboxylic acids', 'Other Octadecanoids', 'Dibenzylbutyrolactone lignans', 'Unsaturated fatty acids', 'Iridoids monoterpenoids', 'Germacrane sesquiterpenoids', 'Purine alkaloids', 'Fatty acyl glycosides of mono- and disaccharides', 'Primary amides', 'Polyamines', 'Purine nucleotides', 'Fatty aldehydes', 'Open-chain polyketides', 'Hydrocarbons', 'Simple phenolic acids', 'Eremophilane sesquiterpenoids', 'Secoiridoid monoterpenoids', 'Imidazole alkaloids', 'Aminoacids', 'Sphingoid bases', 'Vitamin D2 and derivatives', 'Cholestane steroids', 'Cholane steroids', 'Kaurane and Phyllocladane diterpenoids', 'Straight chain fatty acids', 'Prostaglandins', 'Lactones', 'Rotenoids', 'Simple coumarins', 'Labdane diterpenoids', 'Flavanones', 'Monoacylglycerols', 'Bisabolane sesquiterpenoids', 'Cyclic peptides', 'Drimane sesquiterpenoids', 'Dipeptides', 'Triacylglycerols', 'Cyclophytane diterpenoids', 'Flavones', 'Ergostane steroids'}",1.0,2.392857142857143
77,LQ-01-61-50_pos.mzXML,Gymnosporia buxifolia,Gymnosporia buxifolia|Roots,0.40609137055837563,0.37055837563451777,0,0.0,1,1.0,,,0.0,2.3705583756345177
80,LQ-01-61-39_pos.mzXML,Euonymus sanguineus,Euonymus sanguineus|Leaves,0.38144329896907214,0.36082474226804123,1,515.0,1,0.0,"{'Dicarboxylic acids', 'Other Octadecanoids', 'Unsaturated fatty acids', 'Purine nucleosides', 'Jasmonic acids', 'Cholane steroids', 'Furocoumarins', 'Kaurane and Phyllocladane diterpenoids', 'Aminosugars', 'Lupane triterpenoids', 'Prostaglandins', 'Ceramides', 'Primary amides', 'Polyamines', 'Dammarane and Protostane triterpenoids', 'Simple coumarins', 'Lanostane, Tirucallane and Euphane triterpenoids', 'Open-chain polyketides', 'Pregnane steroids', 'Cucurbitane triterpenoids', 'Flavonols', 'Cinnamic acids and derivatives', 'Nitro fatty acids', 'Oleanane triterpenoids', 'Sphingoid bases', 'Cholestane steroids', 'Apocarotenoids (β-)'}","{'Dicarboxylic acids', 'Other Octadecanoids', 'Purine nucleosides', 'Unsaturated fatty acids', 'Furocoumarins', 'Ceramides', 'Primary amides', 'Polyamines', 'Open-chain polyketides', 'Nitro fatty acids', 'Sphingoid bases', 'Jasmonic acids', 'Cholane steroids', 'Kaurane and Phyllocladane diterpenoids', 'Aminosugars', 'Lupane triterpenoids', 'Prostaglandins', 'Dammarane and Protostane triterpenoids', 'Simple coumarins', 'Pregnane steroids', 'Cucurbitane triterpenoids', 'Cholestane steroids', 'Apocarotenoids (β-)'}",1.0,2.3608247422680413
84,LQ-01-61-30_pos.mzXML,Euonymus alatus,Euonymus alatus|Leaves,0.36619718309859156,0.33098591549295775,1,515.0,1,0.0,"{'Dicarboxylic acids', 'Other Octadecanoids', 'Purine nucleosides', 'Unsaturated fatty acids', 'Fatty acyl glycosides of mono- and disaccharides', 'Primary amides', 'Methyl xanthones', 'Hydroxy-hydroperoxyeicosatrienoic acids', 'Zearalenones', 'Open-chain polyketides', 'Polyether ionophores', 'Simple phenolic acids', 'Other Docosanoids', 'Erythromycins', 'Sphingoid bases', 'Fatty acyl carnitines', 'Dihydroflavonols', 'Cholane steroids', 'Lupane triterpenoids', 'Prostaglandins', 'Tetraketide meroterpenoids', 'Prenyl quinone meroterpenoids', 'Pregnane steroids', 'Flavanones', 'Fatty alcohols', 'Cholestane steroids', 'Apocarotenoids (β-)'}","{'Dicarboxylic acids', 'Other Octadecanoids', 'Purine nucleosides', 'Unsaturated fatty acids', 'Fatty acyl glycosides of mono- and disaccharides', 'Primary amides', 'Methyl xanthones', 'Hydroxy-hydroperoxyeicosatrienoic acids', 'Zearalenones', 'Open-chain polyketides', 'Polyether ionophores', 'Simple phenolic acids', 'Other Docosanoids', 'Erythromycins', 'Sphingoid bases', 'Fatty acyl carnitines', 'Dihydroflavonols', 'Cholane steroids', 'Lupane triterpenoids', 'Prostaglandins', 'Tetraketide meroterpenoids', 'Prenyl quinone meroterpenoids', 'Pregnane steroids', 'Flavanones', 'Fatty alcohols', 'Cholestane steroids', 'Apocarotenoids (β-)'}",1.0,2.330985915492958
87,LQ-01-61-25_pos.mzXML,Euonymus dielsianus,Euonymus dielsianus|Stems,0.3119266055045872,0.2889908256880734,0,0.0,1,1.0,,,0.0,2.2889908256880735
0,LQ-01-61-06_pos.mzXML,Celastrus orbiculatus,Celastrus orbiculatus|Roots,0.86328125,0.82421875,253,910.0,0,0.0,"{'Dicarboxylic acids', 'Abietane diterpenoids', 'Phenylalanine-derived alkaloids', 'Irregular monoterpenoids', 'Depsides and depsidones', 'Primary amides', 'Polyamines', 'Zearalenones', 'Open-chain polyketides', 'Isocoumarins', 'Catechols with side chains', 'Aminoacids', 'Imidazole alkaloids', 'Jasmonic acids', 'Cholane steroids', 'Arteminisin', 'Tetraketide meroterpenoids', 'Prenyl quinone meroterpenoids', 'Simple coumarins', 'Paraliane diterpenoids', 'Labdane diterpenoids', 'Tetracyclic diterpenoids', 'Daucane sesquiterpenoids', 'Azaphilones', 'Piperidine alkaloids', 'Drimane sesquiterpenoids', 'Hydroxy fatty acids', 'Dipeptides', 'Triacylglycerols', 'Pimarane and Isopimarane diterpenoids', 'Cinnamic acids and derivatives'}","{'Dicarboxylic acids', 'Abietane diterpenoids', 'Phenylalanine-derived alkaloids', 'Irregular monoterpenoids', 'Depsides and depsidones', 'Primary amides', 'Polyamines', 'Zearalenones', 'Open-chain polyketides', 'Isocoumarins', 'Catechols with side chains', 'Aminoacids', 'Imidazole alkaloids', 'Jasmonic acids', 'Cholane steroids', 'Arteminisin', 'Tetraketide meroterpenoids', 'Prenyl quinone meroterpenoids', 'Simple coumarins', 'Paraliane diterpenoids', 'Labdane diterpenoids', 'Tetracyclic diterpenoids', 'Daucane sesquiterpenoids', 'Azaphilones', 'Piperidine alkaloids', 'Drimane sesquiterpenoids', 'Hydroxy fatty acids', 'Dipeptides', 'Pimarane and Isopimarane diterpenoids', 'Cinnamic acids and derivatives'}",1.0,1.82421875
3,LQ-01-61-60_pos.mzXML,Mystroxylon aethiopicum,Mystroxylon aethiopicum|Bark,0.8210526315789474,0.8052631578947368,0,0.0,1,0.0,,,0.0,1.805263157894737
5,LQ-01-61-27_pos.mzXML,Euonymus fortunei,Euonymus fortunei|Aerial_parts,0.8951612903225806,0.782258064516129,23,515.0,0,0.0,"{'Purine nucleosides', 'Other Octadecanoids', 'Dicarboxylic acids', 'Ecdysteroids', 'Iridoids monoterpenoids', 'Phenylalanine-derived alkaloids', 'Picrotoxane sesquiterpenoids', 'Purine alkaloids', 'Lupane triterpenoids', 'Primary amides', 'Chalcones', 'Lanostane, Tirucallane and Euphane triterpenoids', 'Open-chain polyketides', 'Pregnane steroids', 'Flavanones', 'Cucurbitane triterpenoids', 'Piperidine alkaloids', 'Simple phenolic acids', 'Fatty alcohols', 'Dipeptides', 'Secoiridoid monoterpenoids', 'Limonoids', 'Megastigmanes', 'Oleanane triterpenoids', 'Linear polyenes', '2-pyrone derivatives', 'Cyanogenic glycosides', 'Ursane and Taraxastane triterpenoids', 'Cinnamic acids and derivatives'}","{'Purine nucleosides', 'Other Octadecanoids', 'Ecdysteroids', 'Dicarboxylic acids', 'Iridoids monoterpenoids', 'Phenylalanine-derived alkaloids', 'Purine alkaloids', 'Primary amides', 'Open-chain polyketides', 'Simple phenolic acids', 'Secoiridoid monoterpenoids', '2-pyrone derivatives', 'Picrotoxane sesquiterpenoids', 'Lupane triterpenoids', 'Chalcones', 'Pregnane steroids', 'Flavanones', 'Cucurbitane triterpenoids', 'Piperidine alkaloids', 'Fatty alcohols', 'Dipeptides', 'Limonoids', 'Megastigmanes', 'Linear polyenes', 'Cyanogenic glycosides'}",1.0,1.782258064516129
9,LQ-01-61-05_pos.mzXML,Celastrus orbiculatus,Celastrus orbiculatus|Stems,0.7623762376237624,0.7227722772277227,253,910.0,0,0.0,"{'Purine nucleosides', 'Dicarboxylic acids', 'Lipopeptides', 'Oligomeric phloroglucinols (phlorotannins)', 'Primary amides', 'Diacylglycerols', 'Polyamines', 'Lanostane, Tirucallane and Euphane triterpenoids', 'Zearalenones', 'Pyridine alkaloids', 'Polyether ionophores', 'Open-chain polyketides', 'Hydrocarbons', 'Aminoglycosides', 'Aminoacids', 'Dihydroflavonols', 'Cholane steroids', 'Cannabinoids', 'Abeolupane triterpenoids', 'Glycosyldiacylglycerols', 'Trichothecane sesquiterpenoids', 'Chalcones', 'Simple coumarins', 'Paraliane diterpenoids', 'Daucane sesquiterpenoids', 'Fusidane triterpenoids', 'Limonoids', 'Hydroxy fatty acids', 'Triacylglycerols', 'Drimane sesquiterpenoids', 'Cyanogenic glycosides', 'Cholestane steroids', 'Ergostane steroids'}","{'Purine nucleosides', 'Dicarboxylic acids', 'Lipopeptides', 'Oligomeric phloroglucinols (phlorotannins)', 'Primary amides', 'Polyamines', 'Diacylglycerols', 'Lanostane, Tirucallane and Euphane triterpenoids', 'Zearalenones', 'Polyether ionophores', 'Open-chain polyketides', 'Hydrocarbons', 'Aminoglycosides', 'Aminoacids', 'Dihydroflavonols', 'Cholane steroids', 'Cannabinoids', 'Abeolupane triterpenoids', 'Glycosyldiacylglycerols', 'Trichothecane sesquiterpenoids', 'Chalcones', 'Simple coumarins', 'Paraliane diterpenoids', 'Daucane sesquiterpenoids', 'Fusidane triterpenoids', 'Limonoids', 'Hydroxy fatty acids', 'Drimane sesquiterpenoids', 'Cyanogenic glycosides', 'Cholestane steroids', 'Ergostane steroids'}",1.0,1.7227722772277227
11,LQ-01-61-57_pos.mzXML,Microtropis triflora,Microtropis triflora|Roots,0.8166666666666667,0.7,15,214.0,0,0.0,"{'Dicarboxylic acids', 'Unsaturated fatty acids', 'Dibenzylbutyrolactone lignans', 'Other Octadecanoids', 'Arteminisin', 'Kaurane and Phyllocladane diterpenoids', 'Irregular monoterpenoids', 'Polyprenylated cyclic polyketides (Hop meroterpenoids)', 'Ceramides', 'Primary amides', 'Dibenzylbutane lignans', 'Dammarane and Protostane triterpenoids', 'Lanostane, Tirucallane and Euphane triterpenoids', 'Open-chain polyketides', 'Caryophyllane sesquiterpenoids', 'Eremophilane sesquiterpenoids', 'Fusidane triterpenoids', 'Fatty alcohols', 'Drimane sesquiterpenoids', 'Dipeptides', 'Sphingoid bases', 'Oleanane triterpenoids', 'Cholestane steroids'}","{'Dicarboxylic acids', 'Unsaturated fatty acids', 'Dibenzylbutyrolactone lignans', 'Other Octadecanoids', 'Arteminisin', 'Kaurane and Phyllocladane diterpenoids', 'Irregular monoterpenoids', 'Polyprenylated cyclic polyketides (Hop meroterpenoids)', 'Ceramides', 'Primary amides', 'Dibenzylbutane lignans', 'Dammarane and Protostane triterpenoids', 'Lanostane, Tirucallane and Euphane triterpenoids', 'Open-chain polyketides', 'Caryophyllane sesquiterpenoids', 'Eremophilane sesquiterpenoids', 'Fusidane triterpenoids', 'Fatty alcohols', 'Drimane sesquiterpenoids', 'Dipeptides', 'Sphingoid bases', 'Oleanane triterpenoids', 'Cholestane steroids'}",1.0,1.7
12,LQ-01-61-42_pos.mzXML,Loeseneriella concinna,Loeseneriella concinna|Leaves,0.7087378640776699,0.6893203883495146,0,0.0,1,0.0,,,0.0,1.6893203883495147
18,LQ-01-61-68_pos.mzXML,Salacia cochinchinensis,Salacia cochinchinensis|Leaves,0.6578947368421053,0.6447368421052632,0,0.0,1,0.0,,,0.0,1.6447368421052633
20,LQ-01-61-09_pos.mzXML,Celastrus paniculatus,Celastrus paniculatus|Bark,0.6857142857142857,0.6428571428571429,85,910.0,0,0.0,"{'Dicarboxylic acids', 'Kavalactones and derivatives', 'Cholane steroids', 'Straight chain fatty acids', 'Piperidine alkaloids', 'Prostaglandins', 'Simple phenolic acids', 'Wax monoesters', 'Primary amides', 'Simple coumarins', 'Cholestane steroids'}","{'Dicarboxylic acids', 'Cholane steroids', 'Straight chain fatty acids', 'Piperidine alkaloids', 'Prostaglandins', 'Simple coumarins', 'Wax monoesters', 'Primary amides', 'Kavalactones and derivatives', 'Cholestane steroids'}",1.0,1.6428571428571428
21,LQ-01-61-40_pos.mzXML,Loeseneriella urceolus,Loeseneriella urceolus|Leaves,0.6525821596244131,0.6291079812206573,0,0.0,1,0.0,,,0.0,1.6291079812206573
24,LQ-01-61-33_pos.mzXML,Euonymus frigidus,Euonymus frigidus|Leaves,0.680327868852459,0.610655737704918,0,0.0,1,0.0,,,0.0,1.610655737704918
25,LQ-01-61-69_pos.mzXML,Salacia cochinchinensis,Salacia cochinchinensis|Branche,0.7433628318584071,0.6106194690265486,0,0.0,1,0.0,,,0.0,1.6106194690265485
26,LQ-01-61-58_pos.mzXML,Microtropis triflora,Microtropis triflora|Stems,0.6519607843137255,0.6029411764705882,15,214.0,0,0.0,"{'Unsaturated fatty acids', 'Other Octadecanoids', 'Dicarboxylic acids', 'Fatty acyl glycosides of mono- and disaccharides', 'Primary amides', 'Diacylglycerols', 'Taxane diterpenoids', 'Polyether ionophores', 'Lanostane, Tirucallane and Euphane triterpenoids', 'Open-chain polyketides', 'Pyridine alkaloids', 'Aminoglycosides', 'Aminoacids', 'N-acyl ethanolamines (endocannabinoids)', 'Oleanane triterpenoids', 'Cardenolides', 'Kaurane and Phyllocladane diterpenoids', 'Straight chain fatty acids', 'Carotenoids (C40, β-β)', 'Neutral glycosphingolipids', 'Estrane steroids', 'Lupane triterpenoids', '12-oxophytodienoic acid metabolites', 'Trichothecane sesquiterpenoids', 'Tetracyclic diterpenoids', 'Pregnane steroids', 'Apocarotenoids (β-)', 'Monoacylglycerols', 'Cucurbitane triterpenoids', 'Androstane steroids', 'Agarofuran sesquiterpenoids', 'Fusidane triterpenoids', 'Fatty alcohols', 'Drimane sesquiterpenoids', 'Pimarane and Isopimarane diterpenoids', 'Cyanogenic glycosides', 'Cholestane steroids', 'Cinnamic acids and derivatives'}","{'Unsaturated fatty acids', 'Other Octadecanoids', 'Dicarboxylic acids', 'Fatty acyl glycosides of mono- and disaccharides', 'Primary amides', 'Diacylglycerols', 'Taxane diterpenoids', 'Polyether ionophores', 'Lanostane, Tirucallane and Euphane triterpenoids', 'Open-chain polyketides', 'Pyridine alkaloids', 'Aminoglycosides', 'Aminoacids', 'N-acyl ethanolamines (endocannabinoids)', 'Oleanane triterpenoids', 'Cardenolides', 'Kaurane and Phyllocladane diterpenoids', 'Straight chain fatty acids', 'Carotenoids (C40, β-β)', 'Neutral glycosphingolipids', 'Estrane steroids', 'Lupane triterpenoids', '12-oxophytodienoic acid metabolites', 'Trichothecane sesquiterpenoids', 'Tetracyclic diterpenoids', 'Pregnane steroids', 'Monoacylglycerols', 'Cucurbitane triterpenoids', 'Androstane steroids', 'Agarofuran sesquiterpenoids', 'Fusidane triterpenoids', 'Fatty alcohols', 'Drimane sesquiterpenoids', 'Cinnamic acids and derivatives', 'Pimarane and Isopimarane diterpenoids', 'Cyanogenic glycosides', 'Cholestane steroids', 'Apocarotenoids (β-)'}",1.0,1.6029411764705883
28,LQ-01-61-51_pos.mzXML,Gymnosporia graciliramula,Gymnosporia graciliramula|Aerial_parts,0.6504065040650406,0.5934959349593496,0,0.0,1,0.0,,,0.0,1.5934959349593496
30,LQ-01-61-15_pos.mzXML,Euonymus alatus,Euonymus alatus|Stems,0.7096774193548387,0.5806451612903226,93,515.0,0,0.0,"{'Amino fatty acids', 'Iridoids monoterpenoids', 'Quinoline alkaloids', 'Prostaglandins', 'Aminoacids', 'Flavones', 'Isoflavones'}","{'Amino fatty acids', 'Iridoids monoterpenoids', 'Quinoline alkaloids', 'Prostaglandins', 'Aminoacids', 'Flavones', 'Isoflavones'}",1.0,1.5806451612903225
33,LQ-01-61-08_pos.mzXML,Celastrus paniculatus,Celastrus paniculatus|Leaves,0.696969696969697,0.5757575757575758,85,910.0,0,0.0,"{'12-oxophytodienoic acid metabolites', 'Aminoacids', 'Quinazoline alkaloids', 'Cyclophytane diterpenoids', 'Simple coumarins', 'Labdane diterpenoids', 'Apocarotenoids (β-)'}","{'12-oxophytodienoic acid metabolites', 'Aminoacids', 'Quinazoline alkaloids', 'Cyclophytane diterpenoids', 'Simple coumarins', 'Labdane diterpenoids', 'Apocarotenoids (β-)'}",1.0,1.5757575757575757
35,LQ-01-61-29_pos.mzXML,Euonymus alatus,Euonymus alatus|Bark,0.624113475177305,0.5673758865248227,93,515.0,0,0.0,"{'Unsaturated fatty acids', 'Germacrane sesquiterpenoids', 'Lactarane sesquiterpenoids', 'Depsides and depsidones', 'Primary amides', 'Aflatoxins', 'Open-chain polyketides', 'Simple phenolic acids', 'Spirostane steroids', 'Aminoacids', 'Cholane steroids', 'Lupane triterpenoids', 'Prostaglandins', 'Dammarane and Protostane triterpenoids', 'Pregnane steroids', 'Dipeptides', 'Limonoids', 'Cyclophytane diterpenoids', 'Cyanogenic glycosides', 'Cholestane steroids', 'Apocarotenoids (β-)'}","{'Unsaturated fatty acids', 'Germacrane sesquiterpenoids', 'Lactarane sesquiterpenoids', 'Depsides and depsidones', 'Primary amides', 'Aflatoxins', 'Open-chain polyketides', 'Simple phenolic acids', 'Spirostane steroids', 'Aminoacids', 'Cholane steroids', 'Lupane triterpenoids', 'Prostaglandins', 'Dammarane and Protostane triterpenoids', 'Pregnane steroids', 'Dipeptides', 'Limonoids', 'Cyclophytane diterpenoids', 'Cyanogenic glycosides', 'Cholestane steroids', 'Apocarotenoids (β-)'}",1.0,1.5673758865248226
37,LQ-01-61-63_pos.mzXML,Pleurostylia pachyphloea,Pleurostylia pachyphloea|Stems,0.6305220883534136,0.5542168674698795,0,0.0,1,0.0,,,0.0,1.5542168674698795
38,LQ-01-61-44_pos.mzXML,Gymnosporia buchananii,Gymnosporia buchananii|Stems,0.5895953757225434,0.5491329479768786,25,292.0,0,0.0,"{'Dicarboxylic acids', 'Unsaturated fatty acids', 'Humulane sesquiterpenoids', 'Kaurane and Phyllocladane diterpenoids', 'Straight chain fatty acids', 'Neutral glycosphingolipids', 'Lupane triterpenoids', 'Corynanthe type', 'Primary amides', 'Monocyclic monoterpenoids', 'Lanostane, Tirucallane and Euphane triterpenoids', 'Daucane sesquiterpenoids', 'Pregnane steroids', 'Ursane and Taraxastane triterpenoids', 'Hydrocarbons', 'Agarofuran sesquiterpenoids', 'Androstane steroids', 'Cyclic peptides', 'Dipeptides', 'Drimane sesquiterpenoids', 'Triacylglycerols', 'N-acyl ethanolamines (endocannabinoids)', 'Oleanane triterpenoids', 'Pimarane and Isopimarane diterpenoids', 'Cholestane steroids', 'Vitamin D2 and derivatives', 'Apocarotenoids (β-)'}","{'Dicarboxylic acids', 'Unsaturated fatty acids', 'Humulane sesquiterpenoids', 'Corynanthe type', 'Primary amides', 'Monocyclic monoterpenoids', 'Lanostane, Tirucallane and Euphane triterpenoids', 'Hydrocarbons', 'N-acyl ethanolamines (endocannabinoids)', 'Ursane and Taraxastane triterpenoids', 'Vitamin D2 and derivatives', 'Kaurane and Phyllocladane diterpenoids', 'Straight chain fatty acids', 'Neutral glycosphingolipids', 'Lupane triterpenoids', 'Daucane sesquiterpenoids', 'Pregnane steroids', 'Agarofuran sesquiterpenoids', 'Androstane steroids', 'Cyclic peptides', 'Dipeptides', 'Drimane sesquiterpenoids', 'Triacylglycerols', 'Pimarane and Isopimarane diterpenoids', 'Cholestane steroids', 'Apocarotenoids (β-)'}",1.0,1.5491329479768785
39,LQ-01-61-12_pos.mzXML,Evonymopsis sp,Evonymopsis sp|Leaves,0.6123595505617978,0.5449438202247191,0,0.0,1,0.0,,,0.0,1.5449438202247192
40,LQ-01-61-32_pos.mzXML,Euonymus frigidus,Euonymus frigidus|Stems,0.5938461538461538,0.5353846153846153,0,0.0,1,0.0,,,0.0,1.5353846153846153
41,LQ-01-61-43_pos.mzXML,Gymnosporia buchananii,Gymnosporia buchananii|Leaves,0.6277777777777778,0.5277777777777778,25,292.0,0,0.0,"{'Unsaturated fatty acids', 'Other Octadecanoids', 'Germacrane sesquiterpenoids', 'Glucosinolates', 'Isoquinoline alkaloids', 'Primary amides', 'Polyamines', 'Apocarotenoids(ε-)', 'Kavalactones and derivatives', 'Lanostane, Tirucallane and Euphane triterpenoids', 'Pyrimidine nucleosides', 'Aminoglycosides', 'Simple phenolic acids', 'Secoiridoid monoterpenoids', 'Imidazole alkaloids', 'Aminoacids', 'Sphingoid bases', 'Oleanane triterpenoids', 'Glycerophosphocholines', 'Arteminisin', 'Kaurane and Phyllocladane diterpenoids', 'Carotenoids (C40, β-β)', 'Lupane triterpenoids', 'Tetraketide meroterpenoids', 'Prenyl quinone meroterpenoids', 'Simple coumarins', 'Pregnane steroids', 'Flavanones', 'Androstane steroids', 'Cyclic peptides', 'Flavonols', 'Fatty alcohols', 'Dipeptides', 'Flavan-3-ols', 'Fusidane triterpenoids', 'Megastigmanes', 'Cyanogenic glycosides', 'Flavones', 'Ergostane steroids'}","{'Unsaturated fatty acids', 'Other Octadecanoids', 'Germacrane sesquiterpenoids', 'Glucosinolates', 'Isoquinoline alkaloids', 'Primary amides', 'Apocarotenoids(ε-)', 'Polyamines', 'Kavalactones and derivatives', 'Lanostane, Tirucallane and Euphane triterpenoids', 'Pyrimidine nucleosides', 'Aminoglycosides', 'Secoiridoid monoterpenoids', 'Imidazole alkaloids', 'Sphingoid bases', 'Glycerophosphocholines', 'Arteminisin', 'Kaurane and Phyllocladane diterpenoids', 'Carotenoids (C40, β-β)', 'Lupane triterpenoids', 'Tetraketide meroterpenoids', 'Prenyl quinone meroterpenoids', 'Pregnane steroids', 'Flavanones', 'Androstane steroids', 'Cyclic peptides', 'Flavonols', 'Fusidane triterpenoids', 'Dipeptides', 'Megastigmanes', 'Cyanogenic glycosides', 'Flavones', 'Ergostane steroids'}",1.0,1.5277777777777777
43,LQ-01-61-46_pos.mzXML,Maytenus inermis,Maytenus inermis|Leaves,0.5727272727272728,0.509090909090909,0,0.0,1,0.0,,,0.0,1.509090909090909
44,LQ-01-61-64_pos.mzXML,Pleurostylia pachyphloea,Pleurostylia pachyphloea|Leaves,0.5722543352601156,0.5028901734104047,0,0.0,1,0.0,,,0.0,1.5028901734104045
47,LQ-01-61-59_pos.mzXML,Microtropis triflora,Microtropis triflora|Leaves,0.5491803278688525,0.4918032786885246,15,214.0,0,0.0,"{'Unsaturated fatty acids', 'Other Octadecanoids', 'Dicarboxylic acids', 'Iridoids monoterpenoids', 'Pyrimidine nucleotides', 'Irregular monoterpenoids', 'Fatty acyl glycosides of mono- and disaccharides', 'Primary amides', 'Diacylglycerols', 'Kavalactones and derivatives', 'Menthane monoterpenoids', 'Polyether ionophores', 'Open-chain polyketides', 'Pyridine alkaloids', 'Quinoline alkaloids', 'Carboline alkaloids', 'Erythromycins', 'Nitro fatty acids', 'Quinazoline alkaloids', 'Straight chain fatty acids', 'Estrane steroids', 'Prostaglandins', 'Tetraketide meroterpenoids', 'Simple coumarins', 'Piperidine alkaloids', 'Androstane steroids', 'Cyclic peptides', 'Dipeptides', 'Hydroxy fatty acids', 'Cyclophytane diterpenoids', 'Cyanogenic glycosides', 'Cholestane steroids'}","{'Unsaturated fatty acids', 'Other Octadecanoids', 'Dicarboxylic acids', 'Iridoids monoterpenoids', 'Pyrimidine nucleotides', 'Irregular monoterpenoids', 'Fatty acyl glycosides of mono- and disaccharides', 'Primary amides', 'Diacylglycerols', 'Kavalactones and derivatives', 'Menthane monoterpenoids', 'Polyether ionophores', 'Open-chain polyketides', 'Pyridine alkaloids', 'Quinoline alkaloids', 'Carboline alkaloids', 'Erythromycins', 'Nitro fatty acids', 'Quinazoline alkaloids', 'Straight chain fatty acids', 'Estrane steroids', 'Prostaglandins', 'Tetraketide meroterpenoids', 'Simple coumarins', 'Piperidine alkaloids', 'Androstane steroids', 'Cyclic peptides', 'Dipeptides', 'Hydroxy fatty acids', 'Cyclophytane diterpenoids', 'Cyanogenic glycosides', 'Cholestane steroids'}",1.0,1.4918032786885247
49,LQ-01-61-67_pos.mzXML,Salacia chinensis,Salacia chinensis|Roots,0.5688622754491018,0.47904191616766467,307,509.0,0,0.0,"{'Primary amides', 'Fatty aldehydes', 'Monocyclic monoterpenoids', 'Lanostane, Tirucallane and Euphane triterpenoids', 'Pyridine alkaloids', 'Caryophyllane sesquiterpenoids', 'Aminoacids', 'Apocarotenoids (Ψ-)', 'Cholane steroids', 'Straight chain fatty acids', 'Carotenoids (C40, β-β)', 'Tetraketide meroterpenoids', 'Serratane triterpenoids', 'Labdane diterpenoids', 'Daucane sesquiterpenoids', 'Pregnane steroids', 'Norlabdane diterpenoids', 'Fusidane triterpenoids', 'Bisnaphthalenes', 'Cyclamides', 'Cyanogenic glycosides', 'Apocarotenoids (β-)'}","{'Primary amides', 'Fatty aldehydes', 'Monocyclic monoterpenoids', 'Lanostane, Tirucallane and Euphane triterpenoids', 'Pyridine alkaloids', 'Caryophyllane sesquiterpenoids', 'Aminoacids', 'Apocarotenoids (Ψ-)', 'Cholane steroids', 'Straight chain fatty acids', 'Carotenoids (C40, β-β)', 'Tetraketide meroterpenoids', 'Serratane triterpenoids', 'Labdane diterpenoids', 'Daucane sesquiterpenoids', 'Pregnane steroids', 'Norlabdane diterpenoids', 'Fusidane triterpenoids', 'Bisnaphthalenes', 'Cyclamides', 'Cyanogenic glycosides', 'Apocarotenoids (β-)'}",1.0,1.4790419161676647
52,LQ-01-61-02_pos.mzXML,Catha edulis,Catha edulis|Stems,0.49514563106796117,0.46601941747572817,133,133.0,0,0.0,"{'Lanostane, Tirucallane and Euphane triterpenoids', 'Open-chain polyketides', 'Cholane steroids', 'Estrane steroids', 'Lupane triterpenoids', 'Androstane steroids', 'Depsipeptides', 'Dipeptides', 'Hydroxy fatty acids', 'Tetraketide meroterpenoids', 'Oleanane triterpenoids', 'Labdane diterpenoids', 'Simple coumarins', 'Cholestane steroids', 'Ursane and Taraxastane triterpenoids'}","{'Lanostane, Tirucallane and Euphane triterpenoids', 'Open-chain polyketides', 'Cholane steroids', 'Ursane and Taraxastane triterpenoids', 'Estrane steroids', 'Lupane triterpenoids', 'Androstane steroids', 'Depsipeptides', 'Dipeptides', 'Hydroxy fatty acids', 'Tetraketide meroterpenoids', 'Oleanane triterpenoids', 'Simple coumarins', 'Cholestane steroids', 'Labdane diterpenoids'}",1.0,1.4660194174757282
53,LQ-01-61-61_pos.mzXML,Mystroxylon aethiopicum,Mystroxylon aethiopicum|Leaves,0.5178571428571429,0.4642857142857143,0,0.0,1,0.0,,,0.0,1.4642857142857144
54,LQ-01-61-01_pos.mzXML,Catha edulis,Catha edulis|Leaves,0.49242424242424243,0.45454545454545453,133,133.0,0,0.0,"{'Dicarboxylic acids', 'Lanostane, Tirucallane and Euphane triterpenoids', 'Iridoids monoterpenoids', 'Polyether ionophores', 'Piperidine alkaloids', 'Caryophyllane sesquiterpenoids', 'Lupane triterpenoids', 'Simple phenolic acids', 'Ceramides', 'Corynanthe type', 'Cyclic peptides', 'Hydroxy fatty acids', 'Primary amides', 'Oleanane triterpenoids', 'Apocarotenoids (β-)'}","{'Dicarboxylic acids', 'Polyether ionophores', 'Lanostane, Tirucallane and Euphane triterpenoids', 'Iridoids monoterpenoids', 'Piperidine alkaloids', 'Caryophyllane sesquiterpenoids', 'Lupane triterpenoids', 'Simple phenolic acids', 'Ceramides', 'Corynanthe type', 'Cyclic peptides', 'Hydroxy fatty acids', 'Primary amides', 'Oleanane triterpenoids', 'Apocarotenoids (β-)'}",1.0,1.4545454545454546
55,LQ-01-61-66_pos.mzXML,Salacia chinensis,Salacia chinensis|Branche,0.5238095238095238,0.4444444444444444,307,509.0,0,0.0,"{'Dicarboxylic acids', 'Other Octadecanoids', 'Lanostane, Tirucallane and Euphane triterpenoids', 'Abietane diterpenoids', 'Chromones', 'Cholane steroids', 'Totarane diterpenoids', 'Phenazine alkaloids', 'Estrane steroids', 'Anthraquinones and anthrones', 'Depsipeptides', 'Dipeptides', 'Hydroxy fatty acids', 'Depsides and depsidones', 'Aminoacids', 'Diacylglycerols', 'Serratane triterpenoids', 'Cholestane steroids'}","{'Dicarboxylic acids', 'Other Octadecanoids', 'Lanostane, Tirucallane and Euphane triterpenoids', 'Chromones', 'Abietane diterpenoids', 'Cholane steroids', 'Totarane diterpenoids', 'Phenazine alkaloids', 'Estrane steroids', 'Anthraquinones and anthrones', 'Depsipeptides', 'Dipeptides', 'Hydroxy fatty acids', 'Depsides and depsidones', 'Aminoacids', 'Diacylglycerols', 'Serratane triterpenoids', 'Cholestane steroids'}",1.0,1.4444444444444444
57,LQ-01-61-10_pos.mzXML,Elaeodendron schweinfurthianum,Elaeodendron schweinfurthianum|Leaves,0.5043478260869565,0.43478260869565216,0,0.0,1,0.0,,,0.0,1.434782608695652
58,LQ-01-61-53_pos.mzXML,Gymnosporia senegalensis,Gymnosporia senegalensis|Stems,0.49206349206349204,0.42857142857142855,46,292.0,0,0.0,"{'Unsaturated fatty acids', 'Iridoids monoterpenoids', 'Fatty acyl glycosides of mono- and disaccharides', 'Ceramides', 'Primary amides', 'Diacylglycerols', 'Polyamines', 'Lanostane, Tirucallane and Euphane triterpenoids', 'Open-chain polyketides', 'Hydrocarbons', 'N-acyl ethanolamines (endocannabinoids)', 'Sphingoid bases', 'Cholane steroids', 'Carotenoids (C40, β-β)', 'Amino cyclitols', 'Branched fatty acids', 'Monoacylglycerols', 'Hydroxy fatty acids', 'Cyanogenic glycosides', 'Cholestane steroids', 'Cinnamic acids and derivatives'}","{'Unsaturated fatty acids', 'Iridoids monoterpenoids', 'Fatty acyl glycosides of mono- and disaccharides', 'Ceramides', 'Primary amides', 'Polyamines', 'Diacylglycerols', 'Lanostane, Tirucallane and Euphane triterpenoids', 'Open-chain polyketides', 'Hydrocarbons', 'N-acyl ethanolamines (endocannabinoids)', 'Sphingoid bases', 'Cholane steroids', 'Carotenoids (C40, β-β)', 'Amino cyclitols', 'Branched fatty acids', 'Monoacylglycerols', 'Hydroxy fatty acids', 'Cyanogenic glycosides', 'Cholestane steroids', 'Cinnamic acids and derivatives'}",1.0,1.4285714285714286
59,LQ-01-61-53_pos.mzXML,Gymnosporia senegalensis,Gymnosporia senegalensis|Stems,0.49206349206349204,0.42857142857142855,31,292.0,0,0.0,"{'Unsaturated fatty acids', 'Iridoids monoterpenoids', 'Fatty acyl glycosides of mono- and disaccharides', 'Ceramides', 'Primary amides', 'Diacylglycerols', 'Polyamines', 'Lanostane, Tirucallane and Euphane triterpenoids', 'Open-chain polyketides', 'Hydrocarbons', 'N-acyl ethanolamines (endocannabinoids)', 'Sphingoid bases', 'Cholane steroids', 'Carotenoids (C40, β-β)', 'Amino cyclitols', 'Branched fatty acids', 'Monoacylglycerols', 'Hydroxy fatty acids', 'Cyanogenic glycosides', 'Cholestane steroids', 'Cinnamic acids and derivatives'}","{'Unsaturated fatty acids', 'Iridoids monoterpenoids', 'Fatty acyl glycosides of mono- and disaccharides', 'Ceramides', 'Primary amides', 'Polyamines', 'Diacylglycerols', 'Lanostane, Tirucallane and Euphane triterpenoids', 'Open-chain polyketides', 'Hydrocarbons', 'N-acyl ethanolamines (endocannabinoids)', 'Sphingoid bases', 'Cholane steroids', 'Carotenoids (C40, β-β)', 'Amino cyclitols', 'Branched fatty acids', 'Monoacylglycerols', 'Hydroxy fatty acids', 'Cyanogenic glycosides', 'Cholestane steroids', 'Cinnamic acids and derivatives'}",1.0,1.4285714285714286
60,LQ-01-61-18_pos.mzXML,Euonymus bockii,Euonymus bockii|Stems,0.43902439024390244,0.4268292682926829,0,0.0,1,0.0,,,0.0,1.4268292682926829
61,LQ-01-61-11_pos.mzXML,Elaeodendron schweinfurthianum,Elaeodendron schweinfurthianum|Stems,0.4881516587677725,0.4265402843601896,0,0.0,1,0.0,,,0.0,1.4265402843601895
63,LQ-01-61-16_pos.mzXML,Euonymus alatus,Euonymus alatus|Leaves,0.49586776859504134,0.4214876033057851,93,515.0,0,0.0,"{'Dicarboxylic acids', 'Other Octadecanoids', 'Unsaturated fatty acids', 'Other Eicosanoids', 'Polyamines', 'Apocarotenoids(ε-)', '3-Spirotetramic acids', 'Open-chain polyketides', 'Aminoglycosides', 'Other Docosanoids', 'Aminoacids', 'N-acyl ethanolamines (endocannabinoids)', 'Macrolide lactones', 'Vitamin D2 and derivatives', 'Anthocyanidins', 'Amino fatty acids', 'Estrane steroids', 'Prostaglandins', 'Simple coumarins', 'Tetracyclic diterpenoids', 'Daucane sesquiterpenoids', 'Pregnane steroids', 'Piperidine alkaloids', 'Androstane steroids', 'Fatty alcohols', 'Triacylglycerols', 'Flavones', 'N-acyl amines'}","{'Dicarboxylic acids', 'Other Octadecanoids', 'Unsaturated fatty acids', 'Other Eicosanoids', 'Apocarotenoids(ε-)', 'Polyamines', '3-Spirotetramic acids', 'Open-chain polyketides', 'Aminoglycosides', 'Other Docosanoids', 'Aminoacids', 'N-acyl ethanolamines (endocannabinoids)', 'Macrolide lactones', 'Vitamin D2 and derivatives', 'Anthocyanidins', 'Amino fatty acids', 'Estrane steroids', 'Prostaglandins', 'Simple coumarins', 'Tetracyclic diterpenoids', 'Daucane sesquiterpenoids', 'Pregnane steroids', 'Piperidine alkaloids', 'Androstane steroids', 'Fatty alcohols', 'Triacylglycerols', 'Flavones', 'N-acyl amines'}",1.0,1.421487603305785
65,LQ-01-61-45_pos.mzXML,Gymnosporia buxifolia,Gymnosporia buxifolia|Bark,0.4852216748768473,0.41625615763546797,0,0.0,1,0.0,,,0.0,1.416256157635468
66,LQ-01-61-71_pos.mzXML,Salacia chinensis,Salacia chinensis|Indeterminated,0.48672566371681414,0.40707964601769914,307,509.0,0,0.0,"{'Dicarboxylic acids', 'Iridoids monoterpenoids', 'Phenylalanine-derived alkaloids', 'Fatty acyl glycosides of mono- and disaccharides', 'Lactarane sesquiterpenoids', 'Primary amides', 'Lanostane, Tirucallane and Euphane triterpenoids', 'Open-chain polyketides', 'Isocoumarins', 'Caryophyllane sesquiterpenoids', 'Steroidal alkaloids', 'Aminoacids', 'Imidazole alkaloids', 'Vitamin D2 and derivatives', 'Jasmonic acids', 'Arteminisin', 'Cholane steroids', 'Prostaglandins', 'Chalcones', 'Simple indole alkaloids', 'Monoacylglycerols', 'Dipeptides', 'Cyanogenic glycosides', 'Cholestane steroids'}","{'Dicarboxylic acids', 'Iridoids monoterpenoids', 'Phenylalanine-derived alkaloids', 'Lactarane sesquiterpenoids', 'Fatty acyl glycosides of mono- and disaccharides', 'Primary amides', 'Lanostane, Tirucallane and Euphane triterpenoids', 'Open-chain polyketides', 'Isocoumarins', 'Caryophyllane sesquiterpenoids', 'Steroidal alkaloids', 'Aminoacids', 'Imidazole alkaloids', 'Vitamin D2 and derivatives', 'Jasmonic acids', 'Arteminisin', 'Cholane steroids', 'Prostaglandins', 'Chalcones', 'Simple indole alkaloids', 'Monoacylglycerols', 'Dipeptides', 'Cyanogenic glycosides', 'Cholestane steroids'}",1.0,1.407079646017699
67,LQ-01-61-34_pos.mzXML,Euonymus myrianthus,Euonymus myrianthus|Roots,0.41875,0.40625,0,0.0,1,0.0,,,0.0,1.40625
70,LQ-01-61-36_pos.mzXML,Euonymus myrianthus,Euonymus myrianthus|Leaves,0.40816326530612246,0.3979591836734694,0,0.0,1,0.0,,,0.0,1.3979591836734695
72,LQ-01-61-52_pos.mzXML,Gymnosporia senegalensis,Gymnosporia senegalensis|Leaves,0.45161290322580644,0.3951612903225806,46,292.0,0,0.0,"{'Unsaturated fatty acids', 'Other Octadecanoids', 'Purine nucleosides', 'Dicarboxylic acids', 'Fatty acyl glycosides of mono- and disaccharides', 'Other Eicosanoids', 'Primary amides', 'Purine nucleotides', 'Fatty aldehydes', 'Menthane monoterpenoids', 'Open-chain polyketides', 'Nitro fatty acids', 'Sphingoid bases', 'Vitamin D2 and derivatives', 'Cholestane steroids', 'Cholane steroids', 'Neutral glycosphingolipids', 'Prostaglandins', 'Wax monoesters', 'Labdane diterpenoids', 'Tetracyclic diterpenoids', 'Agarofuran sesquiterpenoids', 'Flavonols', 'Limonoids', 'Hydroxy fatty acids', 'Megastigmanes', 'Cyanogenic glycosides', 'Flavones', 'Cinnamic acids and derivatives'}","{'Unsaturated fatty acids', 'Other Octadecanoids', 'Purine nucleosides', 'Dicarboxylic acids', 'Fatty acyl glycosides of mono- and disaccharides', 'Other Eicosanoids', 'Primary amides', 'Purine nucleotides', 'Fatty aldehydes', 'Menthane monoterpenoids', 'Open-chain polyketides', 'Nitro fatty acids', 'Sphingoid bases', 'Flavones', 'Vitamin D2 and derivatives', 'Cholane steroids', 'Neutral glycosphingolipids', 'Prostaglandins', 'Wax monoesters', 'Labdane diterpenoids', 'Tetracyclic diterpenoids', 'Agarofuran sesquiterpenoids', 'Flavonols', 'Limonoids', 'Hydroxy fatty acids', 'Megastigmanes', 'Cyanogenic glycosides', 'Cholestane steroids', 'Cinnamic acids and derivatives'}",1.0,1.3951612903225805
71,LQ-01-61-52_pos.mzXML,Gymnosporia senegalensis,Gymnosporia senegalensis|Leaves,0.45161290322580644,0.3951612903225806,31,292.0,0,0.0,"{'Unsaturated fatty acids', 'Other Octadecanoids', 'Purine nucleosides', 'Dicarboxylic acids', 'Fatty acyl glycosides of mono- and disaccharides', 'Other Eicosanoids', 'Primary amides', 'Purine nucleotides', 'Fatty aldehydes', 'Menthane monoterpenoids', 'Open-chain polyketides', 'Nitro fatty acids', 'Sphingoid bases', 'Vitamin D2 and derivatives', 'Cholestane steroids', 'Cholane steroids', 'Neutral glycosphingolipids', 'Prostaglandins', 'Wax monoesters', 'Labdane diterpenoids', 'Tetracyclic diterpenoids', 'Agarofuran sesquiterpenoids', 'Flavonols', 'Limonoids', 'Hydroxy fatty acids', 'Megastigmanes', 'Cyanogenic glycosides', 'Flavones', 'Cinnamic acids and derivatives'}","{'Unsaturated fatty acids', 'Other Octadecanoids', 'Purine nucleosides', 'Dicarboxylic acids', 'Fatty acyl glycosides of mono- and disaccharides', 'Other Eicosanoids', 'Primary amides', 'Purine nucleotides', 'Fatty aldehydes', 'Menthane monoterpenoids', 'Open-chain polyketides', 'Nitro fatty acids', 'Sphingoid bases', 'Flavones', 'Vitamin D2 and derivatives', 'Cholane steroids', 'Neutral glycosphingolipids', 'Prostaglandins', 'Wax monoesters', 'Labdane diterpenoids', 'Tetracyclic diterpenoids', 'Agarofuran sesquiterpenoids', 'Flavonols', 'Limonoids', 'Hydroxy fatty acids', 'Megastigmanes', 'Cyanogenic glycosides', 'Cholestane steroids', 'Cinnamic acids and derivatives'}",1.0,1.3951612903225805
75,LQ-01-61-21_pos.mzXML,Euonymus cochinchinensis,Euonymus cochinchinensis|Branche,0.46218487394957986,0.3865546218487395,0,0.0,1,0.0,,,0.0,1.3865546218487395
76,LQ-01-61-17_pos.mzXML,Euonymus bockii,Euonymus bockii|Roots,0.4,0.3764705882352941,0,0.0,1,0.0,,,0.0,1.3764705882352941
78,LQ-01-61-75_pos.mzXML,Tripterygium wilfordii,Tripterygium wilfordii|Stems,0.40816326530612246,0.3673469387755102,1169,1608.0,0,0.0,"{'Dicarboxylic acids', 'Other Octadecanoids', 'Unsaturated fatty acids', 'Purine alkaloids', 'Corynanthe type', 'Primary amides', 'Diacylglycerols', 'Hapalindole alkaloids', 'Aminoglycosides', 'Eremophilane sesquiterpenoids', 'Aminoacids', 'Sphingoid bases', 'Fatty acyl carnitines', 'Quassinoids', 'Vitamin D2 and derivatives', 'Proanthocyanins', 'Jasmonic acids', 'Cholane steroids', 'Straight chain fatty acids', 'Carotenoids (C40, β-β)', 'Aminosugars', 'Prostaglandins', 'Dibenzocyclooctadienes lignans', 'Prenyl quinone meroterpenoids', 'Dibenzylbutane lignans', 'Simple coumarins', 'Tetracyclic diterpenoids', 'Azaphilones', 'Monoacylglycerols', 'Androstane steroids', 'Cyclic peptides', 'Flavan-3-ols', 'Dipeptides', 'Hydroxy fatty acids', 'Cyclophytane diterpenoids', 'Cyanogenic glycosides', 'Cholestane steroids', 'Cinnamic acids and derivatives'}","{'Unsaturated fatty acids', 'Other Octadecanoids', 'Purine alkaloids', 'Corynanthe type', 'Primary amides', 'Diacylglycerols', 'Hapalindole alkaloids', 'Aminoglycosides', 'Eremophilane sesquiterpenoids', 'Aminoacids', 'Sphingoid bases', 'Fatty acyl carnitines', 'Quassinoids', 'Vitamin D2 and derivatives', 'Proanthocyanins', 'Jasmonic acids', 'Cholane steroids', 'Straight chain fatty acids', 'Carotenoids (C40, β-β)', 'Aminosugars', 'Prostaglandins', 'Dibenzocyclooctadienes lignans', 'Prenyl quinone meroterpenoids', 'Dibenzylbutane lignans', 'Simple coumarins', 'Tetracyclic diterpenoids', 'Azaphilones', 'Monoacylglycerols', 'Androstane steroids', 'Cyclic peptides', 'Flavan-3-ols', 'Dipeptides', 'Hydroxy fatty acids', 'Cyclophytane diterpenoids', 'Cyanogenic glycosides', 'Cholestane steroids', 'Cinnamic acids and derivatives'}",1.0,1.3673469387755102
79,LQ-01-61-26_pos.mzXML,Euonymus dielsianus,Euonymus dielsianus|Leaves,0.4230769230769231,0.36538461538461536,0,0.0,1,0.0,,,0.0,1.3653846153846154
81,LQ-01-61-24_pos.mzXML,Euonymus dielsianus,Euonymus dielsianus|Roots,0.4,0.35555555555555557,0,0.0,1,0.0,,,0.0,1.3555555555555556
82,LQ-01-61-13_pos.mzXML,Evonymopsis sp,Evonymopsis sp|Stems,0.4186046511627907,0.3333333333333333,0,0.0,1,0.0,,,0.0,1.3333333333333333
83,LQ-01-61-49_pos.mzXML,Gymnosporia buxifolia,Gymnosporia buxifolia|Stems,0.3333333333333333,0.3333333333333333,0,0.0,1,0.0,,,0.0,1.3333333333333333
85,LQ-01-61-30_pos.mzXML,Euonymus alatus,Euonymus alatus|Leaves,0.36619718309859156,0.33098591549295775,93,515.0,0,0.0,"{'Dicarboxylic acids', 'Other Octadecanoids', 'Purine nucleosides', 'Unsaturated fatty acids', 'Fatty acyl glycosides of mono- and disaccharides', 'Primary amides', 'Methyl xanthones', 'Hydroxy-hydroperoxyeicosatrienoic acids', 'Zearalenones', 'Open-chain polyketides', 'Polyether ionophores', 'Simple phenolic acids', 'Other Docosanoids', 'Erythromycins', 'Sphingoid bases', 'Fatty acyl carnitines', 'Dihydroflavonols', 'Cholane steroids', 'Lupane triterpenoids', 'Prostaglandins', 'Tetraketide meroterpenoids', 'Prenyl quinone meroterpenoids', 'Pregnane steroids', 'Flavanones', 'Fatty alcohols', 'Cholestane steroids', 'Apocarotenoids (β-)'}","{'Dicarboxylic acids', 'Other Octadecanoids', 'Purine nucleosides', 'Unsaturated fatty acids', 'Fatty acyl glycosides of mono- and disaccharides', 'Primary amides', 'Methyl xanthones', 'Hydroxy-hydroperoxyeicosatrienoic acids', 'Zearalenones', 'Open-chain polyketides', 'Polyether ionophores', 'Simple phenolic acids', 'Other Docosanoids', 'Erythromycins', 'Sphingoid bases', 'Fatty acyl carnitines', 'Dihydroflavonols', 'Cholane steroids', 'Lupane triterpenoids', 'Prostaglandins', 'Tetraketide meroterpenoids', 'Prenyl quinone meroterpenoids', 'Pregnane steroids', 'Flavanones', 'Fatty alcohols', 'Cholestane steroids', 'Apocarotenoids (β-)'}",1.0,1.3309859154929577
86,LQ-01-61-48_pos.mzXML,Gymnosporia buxifolia,Gymnosporia buxifolia|Leaves,0.43795620437956206,0.3284671532846715,0,0.0,1,0.0,,,0.0,1.3284671532846715
88,LQ-01-61-65_pos.mzXML,Salacia chinensis,Salacia chinensis|Leaves,0.3037974683544304,0.27848101265822783,307,509.0,0,0.0,"{'Unsaturated fatty acids', 'Dicarboxylic acids', 'Primary amides', 'Lanostane, Tirucallane and Euphane triterpenoids', 'Open-chain polyketides', 'Secoiridoid monoterpenoids', 'Aminoacids', 'N-acyl ethanolamines (endocannabinoids)', 'Sphingoid bases', 'Quassinoids', 'Vitamin D2 and derivatives', 'Abeolupane triterpenoids', 'Tetraketide meroterpenoids', 'Simple coumarins', 'Pregnane steroids', 'Flavanones', 'Monoacylglycerols', 'Limonoids', 'Dipeptides', 'Cholestane steroids', 'Apocarotenoids (β-)'}","{'Unsaturated fatty acids', 'Dicarboxylic acids', 'Primary amides', 'Lanostane, Tirucallane and Euphane triterpenoids', 'Open-chain polyketides', 'Secoiridoid monoterpenoids', 'Aminoacids', 'N-acyl ethanolamines (endocannabinoids)', 'Sphingoid bases', 'Quassinoids', 'Vitamin D2 and derivatives', 'Abeolupane triterpenoids', 'Tetraketide meroterpenoids', 'Simple coumarins', 'Pregnane steroids', 'Flavanones', 'Monoacylglycerols', 'Limonoids', 'Dipeptides', 'Cholestane steroids', 'Apocarotenoids (β-)'}",1.0,1.2784810126582278
1,LQ-01-61-78_pos.mzXML,Pristimera indica,Pristimera indica|Roots,0.8388888888888889,0.8111111111111111,5,18.0,1,,"{'Dicarboxylic acids', 'Unsaturated fatty acids', 'Phenylalanine-derived alkaloids', 'Fatty acyl glycosides of mono- and disaccharides', 'Sorbicilinoids', 'Ceramides', 'Primary amides', 'Diacylglycerols', 'Polyamines', 'Ansa macrolides', 'Lanostane, Tirucallane and Euphane triterpenoids', 'Pyridine alkaloids', 'Simple phenolic acids', 'Aminoglycosides', 'Aminoacids', 'Imidazole alkaloids', 'Sphingoid bases', 'Oleanane triterpenoids', 'Phenylethylamines', 'Vitamin D2 and derivatives', 'Amino fatty acids', 'Lupane triterpenoids', 'Wax monoesters', 'Tetraketide meroterpenoids', 'Prenyl quinone meroterpenoids', 'Trichothecane sesquiterpenoids', 'Dammarane and Protostane triterpenoids', 'Simple coumarins', 'Monoacylglycerols', 'Agarofuran sesquiterpenoids', 'Fatty alcohols', 'Drimane sesquiterpenoids', 'Dipeptides', 'Triacylglycerols', 'Hydroxy fatty acids', 'Linear polyenes', 'Antimycins', 'Cyanogenic glycosides', 'Flavones', 'Cinnamic acids and derivatives'}","{'Dicarboxylic acids', 'Unsaturated fatty acids', 'Phenylalanine-derived alkaloids', 'Fatty acyl glycosides of mono- and disaccharides', 'Sorbicilinoids', 'Ceramides', 'Primary amides', 'Diacylglycerols', 'Polyamines', 'Ansa macrolides', 'Lanostane, Tirucallane and Euphane triterpenoids', 'Pyridine alkaloids', 'Simple phenolic acids', 'Aminoglycosides', 'Aminoacids', 'Imidazole alkaloids', 'Sphingoid bases', 'Oleanane triterpenoids', 'Phenylethylamines', 'Vitamin D2 and derivatives', 'Amino fatty acids', 'Lupane triterpenoids', 'Wax monoesters', 'Tetraketide meroterpenoids', 'Prenyl quinone meroterpenoids', 'Trichothecane sesquiterpenoids', 'Dammarane and Protostane triterpenoids', 'Simple coumarins', 'Monoacylglycerols', 'Agarofuran sesquiterpenoids', 'Fatty alcohols', 'Drimane sesquiterpenoids', 'Dipeptides', 'Triacylglycerols', 'Hydroxy fatty acids', 'Linear polyenes', 'Antimycins', 'Cyanogenic glycosides', 'Flavones', 'Cinnamic acids and derivatives'}",1.0,
2,LQ-01-61-78_pos.mzXML,Pristimera indica,Pristimera indica|Roots,0.8388888888888889,0.8111111111111111,8,18.0,1,,"{'Dicarboxylic acids', 'Unsaturated fatty acids', 'Phenylalanine-derived alkaloids', 'Fatty acyl glycosides of mono- and disaccharides', 'Sorbicilinoids', 'Ceramides', 'Primary amides', 'Diacylglycerols', 'Polyamines', 'Ansa macrolides', 'Lanostane, Tirucallane and Euphane triterpenoids', 'Pyridine alkaloids', 'Simple phenolic acids', 'Aminoglycosides', 'Aminoacids', 'Imidazole alkaloids', 'Sphingoid bases', 'Oleanane triterpenoids', 'Phenylethylamines', 'Vitamin D2 and derivatives', 'Amino fatty acids', 'Lupane triterpenoids', 'Wax monoesters', 'Tetraketide meroterpenoids', 'Prenyl quinone meroterpenoids', 'Trichothecane sesquiterpenoids', 'Dammarane and Protostane triterpenoids', 'Simple coumarins', 'Monoacylglycerols', 'Agarofuran sesquiterpenoids', 'Fatty alcohols', 'Drimane sesquiterpenoids', 'Dipeptides', 'Triacylglycerols', 'Hydroxy fatty acids', 'Linear polyenes', 'Antimycins', 'Cyanogenic glycosides', 'Flavones', 'Cinnamic acids and derivatives'}","{'Dicarboxylic acids', 'Unsaturated fatty acids', 'Phenylalanine-derived alkaloids', 'Fatty acyl glycosides of mono- and disaccharides', 'Sorbicilinoids', 'Ceramides', 'Primary amides', 'Diacylglycerols', 'Polyamines', 'Ansa macrolides', 'Lanostane, Tirucallane and Euphane triterpenoids', 'Pyridine alkaloids', 'Simple phenolic acids', 'Aminoglycosides', 'Aminoacids', 'Imidazole alkaloids', 'Sphingoid bases', 'Oleanane triterpenoids', 'Phenylethylamines', 'Vitamin D2 and derivatives', 'Amino fatty acids', 'Lupane triterpenoids', 'Wax monoesters', 'Tetraketide meroterpenoids', 'Prenyl quinone meroterpenoids', 'Trichothecane sesquiterpenoids', 'Dammarane and Protostane triterpenoids', 'Simple coumarins', 'Monoacylglycerols', 'Agarofuran sesquiterpenoids', 'Fatty alcohols', 'Drimane sesquiterpenoids', 'Dipeptides', 'Triacylglycerols', 'Hydroxy fatty acids', 'Linear polyenes', 'Antimycins', 'Cyanogenic glycosides', 'Flavones', 'Cinnamic acids and derivatives'}",1.0,
69,LQ-01-61-76_pos.mzXML,,,0.4,0.4,0,0.0,1,,,,0.0,
