	filename	ATTRIBUTE_Species	ATTRIBUTE_Sppart	Sample_specificity	FC	Reported_comp_Species	Reported_comp_Genus	LC	ATTRIBUTE_Family	SC	New_in_species	New_in_genus	CC	PR
6	LQ-01-61-37_pos.mzXML	Euonymus sanguineus	Euonymus sanguineus|Roots	0.8385321100917431	0.7394495412844037	1	440.0	1	Celastraceae	1.0	{'Cyanogenic glycosides', 'Cyclic peptides', 'Aflatoxins', 'Phenethylisoquinoline alkaloids', 'Isoquinoline alkaloids', 'Paraliane diterpenoids', 'Azaphilones', 'Arylnaphthalene and aryltetralin lignans', 'Primary amides', 'Furocoumarins', 'Flavanones', 'Flavones', 'Lanostane, Tirucallane and Euphane triterpenoids', 'Simple indole alkaloids', 'Dicarboxylic acids', 'Depsides and depsidones', 'Fatty alcohols', 'Aminoacids', 'Rotenoids', 'Cinnamic acid amides', 'Pyranocoumarins', 'Dihydroflavonols', 'Isocoumarins', 'Tetraketide meroterpenoids', 'Phenylalanine-derived alkaloids', 'Drimane sesquiterpenoids', 'Daucane sesquiterpenoids', 'Monocyclic monoterpenoids', 'Hydroxy fatty acids', 'Agarofuran sesquiterpenoids', 'Chromones', 'Simple coumarins', 'Phenylethylamines', 'Triketide meroterpenoids', 'Simple phenolic acids', 'Cinnamic acids and derivatives', 'Purine alkaloids', 'Unsaturated fatty acids', 'Dipeptides', 'Oleanane triterpenoids', 'Isoflavones', 'Isoflavanones', 'Pterocarpan', 'Flavonols', 'Tetrahydroisoquinoline alkaloids', 'Quinoline alkaloids', 'Iridoids monoterpenoids'}	{'Cyanogenic glycosides', 'Cyclic peptides', 'Aflatoxins', 'Phenethylisoquinoline alkaloids', 'Isoquinoline alkaloids', 'Paraliane diterpenoids', 'Azaphilones', 'Primary amides', 'Furocoumarins', 'Flavanones', 'Flavones', 'Lanostane, Tirucallane and Euphane triterpenoids', 'Simple indole alkaloids', 'Dicarboxylic acids', 'Depsides and depsidones', 'Fatty alcohols', 'Aminoacids', 'Rotenoids', 'Cinnamic acid amides', 'Pyranocoumarins', 'Dihydroflavonols', 'Isocoumarins', 'Tetraketide meroterpenoids', 'Phenylalanine-derived alkaloids', 'Drimane sesquiterpenoids', 'Daucane sesquiterpenoids', 'Monocyclic monoterpenoids', 'Hydroxy fatty acids', 'Chromones', 'Triketide meroterpenoids', 'Simple coumarins', 'Phenylethylamines', 'Simple phenolic acids', 'Purine alkaloids', 'Unsaturated fatty acids', 'Dipeptides', 'Isoflavones', 'Isoflavanones', 'Pterocarpan', 'Tetrahydroisoquinoline alkaloids', 'Quinoline alkaloids', 'Iridoids monoterpenoids'}	1.0	3.7394495412844035
3	LQ-01-61-60_pos.mzXML	Mystroxylon aethiopicum	Mystroxylon aethiopicum|Bark	0.8210526315789474	0.8052631578947368	0	0.0	1	Celastraceae	1.0			0.0	2.805263157894737
5	LQ-01-61-23_pos.mzXML	Euonymus cochinchinensis	Euonymus cochinchinensis|Leaves	0.8050314465408805	0.7641509433962265	0	0.0	1	Celastraceae	1.0			0.0	2.7641509433962264
7	LQ-01-61-28_pos.mzXML	Euonymus grandiflorus	Euonymus grandiflorus|Bark	0.810126582278481	0.7341772151898734	1	440.0	1	Celastraceae	0.0	{'Cyanogenic glycosides', 'Cyclic peptides', 'Pregnane steroids', 'Triacylglycerols', 'Azaphilones', 'Primary amides', 'Vitamin D2 and derivatives', 'Simple coumarins', 'Lanostane, Tirucallane and Euphane triterpenoids', 'Open-chain polyketides', 'Cinnamic acids and derivatives', 'Straight chain fatty acids', 'Cholane steroids', 'Dicarboxylic acids', 'Oleanane triterpenoids', 'Lupane triterpenoids', 'Diacylglycerols', 'Aminoacids', 'Cholestane steroids', 'Iridoids monoterpenoids'}	{'Cyanogenic glycosides', 'Cyclic peptides', 'Pregnane steroids', 'Straight chain fatty acids', 'Cholane steroids', 'Triacylglycerols', 'Dicarboxylic acids', 'Azaphilones', 'Lupane triterpenoids', 'Primary amides', 'Vitamin D2 and derivatives', 'Diacylglycerols', 'Aminoacids', 'Simple coumarins', 'Cholestane steroids', 'Lanostane, Tirucallane and Euphane triterpenoids', 'Iridoids monoterpenoids', 'Open-chain polyketides'}	1.0	2.7341772151898733
9	LQ-01-61-47_pos.mzXML	Maytenus inermis	Maytenus inermis|Underground_parts	0.805	0.715	0	0.0	1	Celastraceae	1.0			0.0	2.715
12	LQ-01-61-41_pos.mzXML	Loeseneriella concinna	Loeseneriella concinna|Stems	0.7777777777777778	0.6794871794871795	0	0.0	1	Celastraceae	1.0			0.0	2.6794871794871797
13	LQ-01-61-62_pos.mzXML	Pleurostylia africana	Pleurostylia africana|Leaves	0.7440476190476191	0.6726190476190477	3	50.0	1	Celastraceae	0.0	{'Cyanogenic glycosides', 'Primary amides', 'Amino fatty acids', 'Purine nucleotides', 'Flavones', 'Lanostane, Tirucallane and Euphane triterpenoids', 'Steroidal alkaloids', 'Caryophyllane sesquiterpenoids', 'Dicarboxylic acids', 'Fatty acyl homoserine lactones', 'Fatty alcohols', 'N-acyl ethanolamines (endocannabinoids)', 'Phenylalanine-derived alkaloids', 'Pyrimidine nucleosides', 'Pyrimidine nucleotides', 'Aminoglycosides', 'Vitamin D2 and derivatives', 'Tripeptides', 'Hydroxy fatty acids', 'Monomeric stilbenes', 'Imidazole alkaloids', 'Simple coumarins', 'Fatty acyl glycosides of mono- and disaccharides', 'Simple phenolic acids', 'Open-chain polyketides', 'Cholane steroids', 'Dipeptides', 'Diacylglycerols', 'Picrotoxane sesquiterpenoids', 'Flavonols', 'Cholestane steroids', 'Sphingoid bases'}	{'Cyanogenic glycosides', 'Primary amides', 'Amino fatty acids', 'Purine nucleotides', 'Flavones', 'Lanostane, Tirucallane and Euphane triterpenoids', 'Steroidal alkaloids', 'Caryophyllane sesquiterpenoids', 'Dicarboxylic acids', 'Fatty acyl homoserine lactones', 'Fatty alcohols', 'N-acyl ethanolamines (endocannabinoids)', 'Phenylalanine-derived alkaloids', 'Pyrimidine nucleosides', 'Pyrimidine nucleotides', 'Aminoglycosides', 'Vitamin D2 and derivatives', 'Tripeptides', 'Hydroxy fatty acids', 'Monomeric stilbenes', 'Imidazole alkaloids', 'Simple coumarins', 'Fatty acyl glycosides of mono- and disaccharides', 'Simple phenolic acids', 'Open-chain polyketides', 'Cholane steroids', 'Dipeptides', 'Diacylglycerols', 'Picrotoxane sesquiterpenoids', 'Flavonols', 'Cholestane steroids', 'Sphingoid bases'}	1.0	2.6726190476190474
14	LQ-01-61-07_pos.mzXML	Celastrus paniculatus	Celastrus paniculatus|Seeds	0.7134502923976608	0.6705653021442495	71	732.0	0	Celastraceae	1.0	{'Prenyl quinone meroterpenoids', 'Neutral glycosphingolipids', 'Paraliane diterpenoids', 'Primary amides', 'Germacrane sesquiterpenoids', 'Other Octadecanoids', 'Fatty aldehydes', 'Taxane diterpenoids', 'Straight chain fatty acids', 'Dicarboxylic acids', 'N-acyl ethanolamines (endocannabinoids)', 'Tetracyclic diterpenoids', 'Fatty alcohols', 'Amino cyclitols', 'Prostaglandins', 'Macrolide lactones', 'Monoacylglycerols', 'Pyridine alkaloids', 'Nitro fatty acids', 'Drimane sesquiterpenoids', 'Daucane sesquiterpenoids', 'Ceramides', 'Hydroxy fatty acids', 'Imidazole alkaloids', 'Trichothecane sesquiterpenoids', 'Fatty acyl glycosides of mono- and disaccharides', 'Simple phenolic acids', 'Labdane diterpenoids', 'Open-chain polyketides', 'Cinnamic acids and derivatives', 'Cholane steroids', 'Purine alkaloids', 'Dipeptides', 'Aminosugars', 'Polyamines', 'Diacylglycerols', 'Limonoids', 'Cucurbitane triterpenoids', 'Menthane monoterpenoids', 'Cholestane steroids', 'Sphingoid bases', 'Arteminisin', 'Iridoids monoterpenoids'}	{'Prenyl quinone meroterpenoids', 'Neutral glycosphingolipids', 'Paraliane diterpenoids', 'Primary amides', 'Germacrane sesquiterpenoids', 'Other Octadecanoids', 'Fatty aldehydes', 'Taxane diterpenoids', 'Straight chain fatty acids', 'Dicarboxylic acids', 'N-acyl ethanolamines (endocannabinoids)', 'Tetracyclic diterpenoids', 'Fatty alcohols', 'Amino cyclitols', 'Prostaglandins', 'Macrolide lactones', 'Monoacylglycerols', 'Pyridine alkaloids', 'Nitro fatty acids', 'Drimane sesquiterpenoids', 'Daucane sesquiterpenoids', 'Ceramides', 'Hydroxy fatty acids', 'Imidazole alkaloids', 'Trichothecane sesquiterpenoids', 'Fatty acyl glycosides of mono- and disaccharides', 'Open-chain polyketides', 'Cinnamic acids and derivatives', 'Cholane steroids', 'Purine alkaloids', 'Dipeptides', 'Aminosugars', 'Polyamines', 'Diacylglycerols', 'Limonoids', 'Cucurbitane triterpenoids', 'Cholestane steroids', 'Sphingoid bases', 'Arteminisin', 'Iridoids monoterpenoids'}	1.0	2.6705653021442495
15	LQ-01-61-70_pos.mzXML	Salacia cochinchinensis	Salacia cochinchinensis|Underground_parts	0.6829268292682927	0.6585365853658537	0	0.0	1	Celastraceae	1.0			0.0	2.658536585365854
19	LQ-01-61-19_pos.mzXML	Euonymus bockii	Euonymus bockii|Leaves	0.6525974025974026	0.6168831168831169	0	0.0	1	Celastraceae	1.0			0.0	2.616883116883117
22	LQ-01-61-56_pos.mzXML	Maytenus undata	Maytenus undata|Roots	0.6613272311212814	0.6132723112128147	14	338.0	0	Celastraceae	1.0	{'Cyanogenic glycosides', 'Ursane and Taraxastane triterpenoids', 'Piperidine alkaloids', 'Paraliane diterpenoids', 'Arylnaphthalene and aryltetralin lignans', 'Germacrane sesquiterpenoids', 'Other Octadecanoids', 'Primary amides', 'Kaurane and Phyllocladane diterpenoids', 'Humulane sesquiterpenoids', 'Acyl phloroglucinols', 'Fatty aldehydes', 'Furofuranoid lignans', 'Lanostane, Tirucallane and Euphane triterpenoids', 'Dicarboxylic acids', 'Apocarotenoids (Ψ-)', 'Tetracyclic diterpenoids', 'Aminoacids', 'Dibenzocyclooctadienes lignans', 'Abeolupane triterpenoids', 'Pyridine alkaloids', 'Phenylethanoids', 'Drimane sesquiterpenoids', 'Daucane sesquiterpenoids', 'Totarane diterpenoids', 'Hydroxy fatty acids', 'Agarofuran sesquiterpenoids', 'Furanoid lignans', 'Imidazole alkaloids', 'Trichothecane sesquiterpenoids', 'Farnesane sesquiterpenoids', 'Simple phenolic acids', 'Open-chain polyketides', 'Cinnamic acids and derivatives', 'Cholane steroids', 'Dipeptides', 'Eremophilane sesquiterpenoids', 'Lupane triterpenoids', 'Polyamines', 'Limonoids', 'Menthane monoterpenoids', 'Apocarotenoids (β-)', 'Arteminisin', 'Iridoids monoterpenoids'}	{'Cyanogenic glycosides', 'Ursane and Taraxastane triterpenoids', 'Piperidine alkaloids', 'Paraliane diterpenoids', 'Arylnaphthalene and aryltetralin lignans', 'Germacrane sesquiterpenoids', 'Other Octadecanoids', 'Primary amides', 'Kaurane and Phyllocladane diterpenoids', 'Humulane sesquiterpenoids', 'Acyl phloroglucinols', 'Fatty aldehydes', 'Furofuranoid lignans', 'Lanostane, Tirucallane and Euphane triterpenoids', 'Dicarboxylic acids', 'Apocarotenoids (Ψ-)', 'Tetracyclic diterpenoids', 'Aminoacids', 'Dibenzocyclooctadienes lignans', 'Abeolupane triterpenoids', 'Pyridine alkaloids', 'Phenylethanoids', 'Drimane sesquiterpenoids', 'Daucane sesquiterpenoids', 'Totarane diterpenoids', 'Hydroxy fatty acids', 'Agarofuran sesquiterpenoids', 'Furanoid lignans', 'Imidazole alkaloids', 'Trichothecane sesquiterpenoids', 'Farnesane sesquiterpenoids', 'Simple phenolic acids', 'Open-chain polyketides', 'Cinnamic acids and derivatives', 'Cholane steroids', 'Dipeptides', 'Eremophilane sesquiterpenoids', 'Polyamines', 'Lupane triterpenoids', 'Limonoids', 'Menthane monoterpenoids', 'Apocarotenoids (β-)', 'Arteminisin', 'Iridoids monoterpenoids'}	1.0	2.613272311212815
21	LQ-01-61-56_pos.mzXML	Maytenus undata	Maytenus undata|Roots	0.6613272311212814	0.6132723112128147	14	338.0	0	Celastraceae	1.0	{'Cyanogenic glycosides', 'Ursane and Taraxastane triterpenoids', 'Piperidine alkaloids', 'Paraliane diterpenoids', 'Arylnaphthalene and aryltetralin lignans', 'Germacrane sesquiterpenoids', 'Other Octadecanoids', 'Primary amides', 'Kaurane and Phyllocladane diterpenoids', 'Humulane sesquiterpenoids', 'Acyl phloroglucinols', 'Fatty aldehydes', 'Furofuranoid lignans', 'Lanostane, Tirucallane and Euphane triterpenoids', 'Dicarboxylic acids', 'Apocarotenoids (Ψ-)', 'Tetracyclic diterpenoids', 'Aminoacids', 'Dibenzocyclooctadienes lignans', 'Abeolupane triterpenoids', 'Pyridine alkaloids', 'Phenylethanoids', 'Drimane sesquiterpenoids', 'Daucane sesquiterpenoids', 'Totarane diterpenoids', 'Hydroxy fatty acids', 'Agarofuran sesquiterpenoids', 'Furanoid lignans', 'Imidazole alkaloids', 'Trichothecane sesquiterpenoids', 'Farnesane sesquiterpenoids', 'Simple phenolic acids', 'Open-chain polyketides', 'Cinnamic acids and derivatives', 'Cholane steroids', 'Dipeptides', 'Eremophilane sesquiterpenoids', 'Lupane triterpenoids', 'Polyamines', 'Limonoids', 'Menthane monoterpenoids', 'Apocarotenoids (β-)', 'Arteminisin', 'Iridoids monoterpenoids'}	{'Cyanogenic glycosides', 'Ursane and Taraxastane triterpenoids', 'Piperidine alkaloids', 'Paraliane diterpenoids', 'Arylnaphthalene and aryltetralin lignans', 'Germacrane sesquiterpenoids', 'Other Octadecanoids', 'Primary amides', 'Kaurane and Phyllocladane diterpenoids', 'Humulane sesquiterpenoids', 'Acyl phloroglucinols', 'Fatty aldehydes', 'Furofuranoid lignans', 'Lanostane, Tirucallane and Euphane triterpenoids', 'Dicarboxylic acids', 'Apocarotenoids (Ψ-)', 'Tetracyclic diterpenoids', 'Aminoacids', 'Dibenzocyclooctadienes lignans', 'Abeolupane triterpenoids', 'Pyridine alkaloids', 'Phenylethanoids', 'Drimane sesquiterpenoids', 'Daucane sesquiterpenoids', 'Totarane diterpenoids', 'Hydroxy fatty acids', 'Agarofuran sesquiterpenoids', 'Furanoid lignans', 'Imidazole alkaloids', 'Trichothecane sesquiterpenoids', 'Farnesane sesquiterpenoids', 'Simple phenolic acids', 'Open-chain polyketides', 'Cinnamic acids and derivatives', 'Cholane steroids', 'Dipeptides', 'Eremophilane sesquiterpenoids', 'Polyamines', 'Lupane triterpenoids', 'Limonoids', 'Menthane monoterpenoids', 'Apocarotenoids (β-)', 'Arteminisin', 'Iridoids monoterpenoids'}	1.0	2.613272311212815
25	LQ-01-61-73_pos.mzXML	Tripterygium hypoglaucum	Tripterygium hypoglaucum|Roots	0.6137724550898204	0.6017964071856288	162	1353.0	0	Celastraceae	1.0	{'Prenyl quinone meroterpenoids', 'Jasmonic acids', 'Piperidine alkaloids', 'Purine nucleosides', 'Primary amides', 'Germacrane sesquiterpenoids', 'Other Octadecanoids', 'Kaurane and Phyllocladane diterpenoids', 'Monosaccharides', 'Norlabdane diterpenoids', 'Anthraquinones and anthrones', 'Monacolins and Monacolin derivatives', 'Apocarotenoids (Ψ-)', 'Fatty alcohols', 'Amino cyclitols', 'Tetraketide meroterpenoids', 'Prostaglandins', 'Estrane steroids', 'Drimane sesquiterpenoids', 'Daucane sesquiterpenoids', 'Monocyclic monoterpenoids', 'Triketide meroterpenoids', 'Simple coumarins', 'Androstane steroids', 'Labdane diterpenoids', 'Open-chain polyketides', 'Purine alkaloids', 'Dipeptides', 'Cannabinoids', 'Lupane triterpenoids', 'Diacylglycerols', 'Limonoids', 'Apocarotenoids (β-)', 'Polyene macrolides', '3-Decalinoyltetramic acids', 'Lactarane sesquiterpenoids'}	{'Jasmonic acids', 'Prenyl quinone meroterpenoids', 'Purine nucleosides', 'Primary amides', 'Germacrane sesquiterpenoids', 'Other Octadecanoids', 'Monosaccharides', 'Anthraquinones and anthrones', 'Monacolins and Monacolin derivatives', 'Apocarotenoids (Ψ-)', 'Fatty alcohols', 'Amino cyclitols', 'Tetraketide meroterpenoids', 'Prostaglandins', 'Estrane steroids', 'Daucane sesquiterpenoids', 'Monocyclic monoterpenoids', 'Triketide meroterpenoids', 'Simple coumarins', 'Androstane steroids', 'Open-chain polyketides', '3-Decalinoyltetramic acids', 'Purine alkaloids', 'Dipeptides', 'Cannabinoids', 'Diacylglycerols', 'Limonoids', 'Polyene macrolides', 'Apocarotenoids (β-)', 'Lactarane sesquiterpenoids'}	1.0	2.6017964071856285
27	LQ-01-61-15_pos.mzXML	Euonymus alatus	Euonymus alatus|Stems	0.7096774193548387	0.5806451612903226	1	440.0	1	Celastraceae	0.0	{'Prostaglandins', 'Isoflavones', 'Aminoacids', 'Amino fatty acids', 'Quinoline alkaloids', 'Flavones', 'Iridoids monoterpenoids'}	{'Prostaglandins', 'Isoflavones', 'Aminoacids', 'Amino fatty acids', 'Quinoline alkaloids', 'Flavones', 'Iridoids monoterpenoids'}	1.0	2.5806451612903225
29	LQ-01-61-14_pos.mzXML	Evonymopsis sp	Evonymopsis sp|Underground_parts	0.6206030150753769	0.5778894472361809	0	0.0	1	Celastraceae	1.0			0.0	2.577889447236181
31	LQ-01-61-29_pos.mzXML	Euonymus alatus	Euonymus alatus|Bark	0.624113475177305	0.5673758865248227	1	440.0	1	Celastraceae	0.0	{'Cyanogenic glycosides', 'Aflatoxins', 'Primary amides', 'Germacrane sesquiterpenoids', 'Lanostane, Tirucallane and Euphane triterpenoids', 'Cyclophytane diterpenoids', 'Depsides and depsidones', 'Aminoacids', 'Dammarane and Protostane triterpenoids', 'Prostaglandins', 'Pregnane steroids', 'Simple phenolic acids', 'Open-chain polyketides', 'Cholane steroids', 'Unsaturated fatty acids', 'Dipeptides', 'Lupane triterpenoids', 'Limonoids', 'Cholestane steroids', 'Apocarotenoids (β-)', 'Lactarane sesquiterpenoids', 'Spirostane steroids'}	{'Cyanogenic glycosides', 'Aflatoxins', 'Primary amides', 'Germacrane sesquiterpenoids', 'Lanostane, Tirucallane and Euphane triterpenoids', 'Cyclophytane diterpenoids', 'Depsides and depsidones', 'Aminoacids', 'Dammarane and Protostane triterpenoids', 'Prostaglandins', 'Pregnane steroids', 'Simple phenolic acids', 'Open-chain polyketides', 'Cholane steroids', 'Unsaturated fatty acids', 'Dipeptides', 'Lupane triterpenoids', 'Limonoids', 'Cholestane steroids', 'Apocarotenoids (β-)', 'Lactarane sesquiterpenoids', 'Spirostane steroids'}	1.0	2.5673758865248226
33	LQ-01-61-31_pos.mzXML	Euonymus frigidus	Euonymus frigidus|Roots	0.601123595505618	0.5646067415730337	0	0.0	1	Celastraceae	1.0			0.0	2.5646067415730336
34	LQ-01-61-63_pos.mzXML	Pleurostylia pachyphloea	Pleurostylia pachyphloea|Stems	0.6305220883534136	0.5542168674698795	0	0.0	1	Celastraceae	1.0			0.0	2.5542168674698793
37	LQ-01-61-32_pos.mzXML	Euonymus frigidus	Euonymus frigidus|Stems	0.5938461538461538	0.5353846153846153	0	0.0	1	Celastraceae	1.0			0.0	2.5353846153846153
39	LQ-01-61-22_pos.mzXML	Euonymus cochinchinensis	Euonymus cochinchinensis|Roots	0.5755968169761273	0.519893899204244	0	0.0	1	Celastraceae	1.0			0.0	2.519893899204244
43	LQ-01-61-74_pos.mzXML	Tripterygium wilfordii	Tripterygium wilfordii|Roots	0.5349794238683128	0.49382716049382713	1011	1353.0	0	Celastraceae	1.0	{'Jasmonic acids', 'Prenyl quinone meroterpenoids', 'Triacylglycerols', 'Germacrane sesquiterpenoids', 'Primary amides', 'Other Octadecanoids', 'Pimarane and Isopimarane diterpenoids', 'Purine nucleotides', 'N-acyl amines', 'Aminoacids', 'Beyerane diterpenoids', 'Tetraketide meroterpenoids', 'Prostaglandins', 'Pregnane steroids', 'Monoacylglycerols', 'Triketide meroterpenoids', 'Simple coumarins', 'Simple phenolic acids', 'Cinnamic acids and derivatives', 'Cannabinoids', 'Isoflavones', 'Quassinoids', 'Biaryl type diarylheptanoids', 'Apocarotenoids (β-)', 'Cholestane steroids'}	{'Prenyl quinone meroterpenoids', 'Jasmonic acids', 'Triacylglycerols', 'Germacrane sesquiterpenoids', 'Primary amides', 'Other Octadecanoids', 'Pimarane and Isopimarane diterpenoids', 'Purine nucleotides', 'N-acyl amines', 'Aminoacids', 'Beyerane diterpenoids', 'Tetraketide meroterpenoids', 'Prostaglandins', 'Pregnane steroids', 'Monoacylglycerols', 'Triketide meroterpenoids', 'Simple coumarins', 'Simple phenolic acids', 'Cinnamic acids and derivatives', 'Cannabinoids', 'Isoflavones', 'Quassinoids', 'Biaryl type diarylheptanoids', 'Apocarotenoids (β-)', 'Cholestane steroids'}	1.0	2.493827160493827
45	LQ-01-61-54_pos.mzXML	Maytenus undata	Maytenus undata|Leaves	0.5665236051502146	0.49356223175965663	14	338.0	0	Celastraceae	1.0	{'Cyanogenic glycosides', 'Ursane and Taraxastane triterpenoids', 'Jasmonic acids', 'Prenyl quinone meroterpenoids', 'Paraliane diterpenoids', 'Triacylglycerols', 'Primary amides', 'Germacrane sesquiterpenoids', 'Other Octadecanoids', 'Furocoumarins', 'Irregular monoterpenoids', 'Flavanones', 'Flavones', 'Lanostane, Tirucallane and Euphane triterpenoids', 'Straight chain fatty acids', 'Drimane sesquiterpenoids', 'Fusidane triterpenoids', 'Daucane sesquiterpenoids', 'Hydroxy fatty acids', 'Agarofuran sesquiterpenoids', 'Imidazole alkaloids', 'Simple coumarins', 'Trichothecane sesquiterpenoids', 'Androstane steroids', 'Labdane diterpenoids', 'Cinnamic acids and derivatives', 'Cholane steroids', 'Unsaturated fatty acids', 'Lupane triterpenoids', 'Abietane diterpenoids', 'Cholestane steroids', 'Apocarotenoids (β-)', 'Megastigmanes', 'Sphingoid bases'}	{'Cyanogenic glycosides', 'Ursane and Taraxastane triterpenoids', 'Jasmonic acids', 'Prenyl quinone meroterpenoids', 'Paraliane diterpenoids', 'Triacylglycerols', 'Primary amides', 'Germacrane sesquiterpenoids', 'Other Octadecanoids', 'Furocoumarins', 'Irregular monoterpenoids', 'Flavanones', 'Flavones', 'Lanostane, Tirucallane and Euphane triterpenoids', 'Straight chain fatty acids', 'Drimane sesquiterpenoids', 'Fusidane triterpenoids', 'Daucane sesquiterpenoids', 'Hydroxy fatty acids', 'Agarofuran sesquiterpenoids', 'Imidazole alkaloids', 'Simple coumarins', 'Trichothecane sesquiterpenoids', 'Androstane steroids', 'Labdane diterpenoids', 'Cinnamic acids and derivatives', 'Cholane steroids', 'Unsaturated fatty acids', 'Lupane triterpenoids', 'Abietane diterpenoids', 'Cholestane steroids', 'Apocarotenoids (β-)', 'Megastigmanes', 'Sphingoid bases'}	1.0	2.4935622317596566
44	LQ-01-61-54_pos.mzXML	Maytenus undata	Maytenus undata|Leaves	0.5665236051502146	0.49356223175965663	14	338.0	0	Celastraceae	1.0	{'Cyanogenic glycosides', 'Ursane and Taraxastane triterpenoids', 'Jasmonic acids', 'Prenyl quinone meroterpenoids', 'Paraliane diterpenoids', 'Triacylglycerols', 'Primary amides', 'Germacrane sesquiterpenoids', 'Other Octadecanoids', 'Furocoumarins', 'Irregular monoterpenoids', 'Flavanones', 'Flavones', 'Lanostane, Tirucallane and Euphane triterpenoids', 'Straight chain fatty acids', 'Drimane sesquiterpenoids', 'Fusidane triterpenoids', 'Daucane sesquiterpenoids', 'Hydroxy fatty acids', 'Agarofuran sesquiterpenoids', 'Imidazole alkaloids', 'Simple coumarins', 'Trichothecane sesquiterpenoids', 'Androstane steroids', 'Labdane diterpenoids', 'Cinnamic acids and derivatives', 'Cholane steroids', 'Unsaturated fatty acids', 'Lupane triterpenoids', 'Abietane diterpenoids', 'Cholestane steroids', 'Apocarotenoids (β-)', 'Megastigmanes', 'Sphingoid bases'}	{'Cyanogenic glycosides', 'Ursane and Taraxastane triterpenoids', 'Jasmonic acids', 'Prenyl quinone meroterpenoids', 'Paraliane diterpenoids', 'Triacylglycerols', 'Primary amides', 'Germacrane sesquiterpenoids', 'Other Octadecanoids', 'Furocoumarins', 'Irregular monoterpenoids', 'Flavanones', 'Flavones', 'Lanostane, Tirucallane and Euphane triterpenoids', 'Straight chain fatty acids', 'Drimane sesquiterpenoids', 'Fusidane triterpenoids', 'Daucane sesquiterpenoids', 'Hydroxy fatty acids', 'Agarofuran sesquiterpenoids', 'Imidazole alkaloids', 'Simple coumarins', 'Trichothecane sesquiterpenoids', 'Androstane steroids', 'Labdane diterpenoids', 'Cinnamic acids and derivatives', 'Cholane steroids', 'Unsaturated fatty acids', 'Lupane triterpenoids', 'Abietane diterpenoids', 'Cholestane steroids', 'Apocarotenoids (β-)', 'Megastigmanes', 'Sphingoid bases'}	1.0	2.4935622317596566
46	LQ-01-61-03_pos.mzXML	Catha edulis	Catha edulis|Roots	0.5093167701863354	0.484472049689441	126	126.0	0	Celastraceae	1.0	{'Cyanogenic glycosides', 'Prenyl quinone meroterpenoids', 'Ursane and Taraxastane triterpenoids', 'Primary amides', 'Germacrane sesquiterpenoids', 'Kaurane and Phyllocladane diterpenoids', 'Furocoumarins', 'Corynanthe type', 'Cembrane diterpenoids', 'Lanostane, Tirucallane and Euphane triterpenoids', 'Ergostane steroids', 'Apocarotenoids(ε-)', 'Dicarboxylic acids', 'Linear diarylheptanoids', 'Amino cyclitols', 'Pyranocoumarins', 'Abeolupane triterpenoids', 'Isocoumarins', 'Tetraketide meroterpenoids', 'Prostaglandins', 'Pyrimidine nucleosides', 'Eudesmane sesquiterpenoids', 'Drimane sesquiterpenoids', 'Vitamin D2 and derivatives', 'Daucane sesquiterpenoids', 'Triketide meroterpenoids', 'Simple coumarins', 'Simple phenolic acids', 'Cinnamic acids and derivatives', 'Cholane steroids', 'Dipeptides', 'Oleanane triterpenoids', 'Lupane triterpenoids', 'Cholestane steroids', 'Apocarotenoids (β-)', 'Menthane monoterpenoids'}	{'Cyanogenic glycosides', 'Prenyl quinone meroterpenoids', 'Ursane and Taraxastane triterpenoids', 'Germacrane sesquiterpenoids', 'Primary amides', 'Kaurane and Phyllocladane diterpenoids', 'Furocoumarins', 'Corynanthe type', 'Cembrane diterpenoids', 'Lanostane, Tirucallane and Euphane triterpenoids', 'Ergostane steroids', 'Apocarotenoids(ε-)', 'Dicarboxylic acids', 'Linear diarylheptanoids', 'Amino cyclitols', 'Pyranocoumarins', 'Abeolupane triterpenoids', 'Isocoumarins', 'Tetraketide meroterpenoids', 'Prostaglandins', 'Pyrimidine nucleosides', 'Eudesmane sesquiterpenoids', 'Drimane sesquiterpenoids', 'Vitamin D2 and derivatives', 'Daucane sesquiterpenoids', 'Triketide meroterpenoids', 'Simple coumarins', 'Simple phenolic acids', 'Cinnamic acids and derivatives', 'Cholane steroids', 'Dipeptides', 'Oleanane triterpenoids', 'Lupane triterpenoids', 'Cholestane steroids', 'Apocarotenoids (β-)', 'Menthane monoterpenoids'}	1.0	2.4844720496894412
49	LQ-01-61-55_pos.mzXML	Maytenus undata	Maytenus undata|Stems	0.5218579234972678	0.4781420765027322	14	338.0	0	Celastraceae	1.0	{'Cyclic peptides', 'Ursane and Taraxastane triterpenoids', 'Primary amides', 'Valerenane sesquiterpenoids', 'Lanostane, Tirucallane and Euphane triterpenoids', 'Caryophyllane sesquiterpenoids', 'Dicarboxylic acids', 'Apocarotenoids (Ψ-)', 'Tetracyclic diterpenoids', 'Branched fatty acids', 'Methyl xanthones', 'Amino cyclitols', 'Abeolupane triterpenoids', 'Monoacylglycerols', 'Pyridine alkaloids', 'Drimane sesquiterpenoids', 'Daucane sesquiterpenoids', 'Monocyclic monoterpenoids', 'Agarofuran sesquiterpenoids', 'Triketide meroterpenoids', 'Imidazole alkaloids', 'Trichothecane sesquiterpenoids', 'Furanoid lignans', 'Androstane steroids', 'Simple phenolic acids', 'Labdane diterpenoids', 'Lactones', 'Open-chain polyketides', 'Dibenzylbutyrolactone lignans', 'Cinnamic acids and derivatives', 'Cholane steroids', 'Unsaturated fatty acids', 'Lupane triterpenoids', 'Cannabinoids', 'Abietane diterpenoids', 'Limonoids', 'Chalcones', 'Menthane monoterpenoids', 'Quinoline alkaloids', 'Arteminisin'}	{'Cyclic peptides', 'Ursane and Taraxastane triterpenoids', 'Primary amides', 'Valerenane sesquiterpenoids', 'Lanostane, Tirucallane and Euphane triterpenoids', 'Caryophyllane sesquiterpenoids', 'Dicarboxylic acids', 'Apocarotenoids (Ψ-)', 'Tetracyclic diterpenoids', 'Branched fatty acids', 'Methyl xanthones', 'Amino cyclitols', 'Abeolupane triterpenoids', 'Monoacylglycerols', 'Pyridine alkaloids', 'Drimane sesquiterpenoids', 'Daucane sesquiterpenoids', 'Monocyclic monoterpenoids', 'Agarofuran sesquiterpenoids', 'Triketide meroterpenoids', 'Imidazole alkaloids', 'Trichothecane sesquiterpenoids', 'Furanoid lignans', 'Androstane steroids', 'Simple phenolic acids', 'Labdane diterpenoids', 'Lactones', 'Open-chain polyketides', 'Dibenzylbutyrolactone lignans', 'Cinnamic acids and derivatives', 'Cholane steroids', 'Unsaturated fatty acids', 'Lupane triterpenoids', 'Cannabinoids', 'Abietane diterpenoids', 'Limonoids', 'Chalcones', 'Menthane monoterpenoids', 'Quinoline alkaloids', 'Arteminisin'}	1.0	2.478142076502732
48	LQ-01-61-55_pos.mzXML	Maytenus undata	Maytenus undata|Stems	0.5218579234972678	0.4781420765027322	14	338.0	0	Celastraceae	1.0	{'Cyclic peptides', 'Ursane and Taraxastane triterpenoids', 'Primary amides', 'Valerenane sesquiterpenoids', 'Lanostane, Tirucallane and Euphane triterpenoids', 'Caryophyllane sesquiterpenoids', 'Dicarboxylic acids', 'Apocarotenoids (Ψ-)', 'Tetracyclic diterpenoids', 'Branched fatty acids', 'Methyl xanthones', 'Amino cyclitols', 'Abeolupane triterpenoids', 'Monoacylglycerols', 'Pyridine alkaloids', 'Drimane sesquiterpenoids', 'Daucane sesquiterpenoids', 'Monocyclic monoterpenoids', 'Agarofuran sesquiterpenoids', 'Triketide meroterpenoids', 'Imidazole alkaloids', 'Trichothecane sesquiterpenoids', 'Furanoid lignans', 'Androstane steroids', 'Simple phenolic acids', 'Labdane diterpenoids', 'Lactones', 'Open-chain polyketides', 'Dibenzylbutyrolactone lignans', 'Cinnamic acids and derivatives', 'Cholane steroids', 'Unsaturated fatty acids', 'Lupane triterpenoids', 'Cannabinoids', 'Abietane diterpenoids', 'Limonoids', 'Chalcones', 'Menthane monoterpenoids', 'Quinoline alkaloids', 'Arteminisin'}	{'Cyclic peptides', 'Ursane and Taraxastane triterpenoids', 'Primary amides', 'Valerenane sesquiterpenoids', 'Lanostane, Tirucallane and Euphane triterpenoids', 'Caryophyllane sesquiterpenoids', 'Dicarboxylic acids', 'Apocarotenoids (Ψ-)', 'Tetracyclic diterpenoids', 'Branched fatty acids', 'Methyl xanthones', 'Amino cyclitols', 'Abeolupane triterpenoids', 'Monoacylglycerols', 'Pyridine alkaloids', 'Drimane sesquiterpenoids', 'Daucane sesquiterpenoids', 'Monocyclic monoterpenoids', 'Agarofuran sesquiterpenoids', 'Triketide meroterpenoids', 'Imidazole alkaloids', 'Trichothecane sesquiterpenoids', 'Furanoid lignans', 'Androstane steroids', 'Simple phenolic acids', 'Labdane diterpenoids', 'Lactones', 'Open-chain polyketides', 'Dibenzylbutyrolactone lignans', 'Cinnamic acids and derivatives', 'Cholane steroids', 'Unsaturated fatty acids', 'Lupane triterpenoids', 'Cannabinoids', 'Abietane diterpenoids', 'Limonoids', 'Chalcones', 'Menthane monoterpenoids', 'Quinoline alkaloids', 'Arteminisin'}	1.0	2.478142076502732
50	LQ-01-61-72_pos.mzXML	Salacighia letestuana	Salacighia letestuana|Fruits	0.5033557046979866	0.4697986577181208	0	0.0	1	Celastraceae	1.0			0.0	2.469798657718121
61	LQ-01-61-16_pos.mzXML	Euonymus alatus	Euonymus alatus|Leaves	0.49586776859504134	0.4214876033057851	1	440.0	1	Celastraceae	0.0	{'Anthocyanidins', 'Piperidine alkaloids', 'Triacylglycerols', 'Other Octadecanoids', 'Amino fatty acids', 'Flavones', 'Apocarotenoids(ε-)', 'N-acyl amines', 'Dicarboxylic acids', 'Other Eicosanoids', 'Fatty alcohols', 'N-acyl ethanolamines (endocannabinoids)', 'Tetracyclic diterpenoids', 'Aminoacids', 'Macrolide lactones', 'Pregnane steroids', 'Prostaglandins', 'Estrane steroids', 'Aminoglycosides', 'Vitamin D2 and derivatives', 'Daucane sesquiterpenoids', 'Hydroxy fatty acids', 'Simple coumarins', 'Androstane steroids', 'Open-chain polyketides', 'Other Docosanoids', 'Unsaturated fatty acids', 'Polyamines', '3-Spirotetramic acids'}	{'Anthocyanidins', 'Piperidine alkaloids', 'Triacylglycerols', 'Other Octadecanoids', 'Amino fatty acids', 'Flavones', 'Apocarotenoids(ε-)', 'N-acyl amines', 'Dicarboxylic acids', 'Other Eicosanoids', 'Fatty alcohols', 'N-acyl ethanolamines (endocannabinoids)', 'Tetracyclic diterpenoids', 'Aminoacids', 'Macrolide lactones', 'Pregnane steroids', 'Prostaglandins', 'Estrane steroids', 'Aminoglycosides', 'Vitamin D2 and derivatives', 'Daucane sesquiterpenoids', 'Hydroxy fatty acids', 'Simple coumarins', 'Androstane steroids', 'Open-chain polyketides', 'Other Docosanoids', 'Unsaturated fatty acids', 'Polyamines', '3-Spirotetramic acids'}	1.0	2.421487603305785
63	LQ-01-61-35_pos.mzXML	Euonymus myrianthus	Euonymus myrianthus|Stems	0.5051020408163265	0.41836734693877553	0	0.0	1	Celastraceae	1.0			0.0	2.4183673469387754
67	LQ-01-61-38_pos.mzXML	Euonymus sanguineus	Euonymus sanguineus|Stems	0.4339622641509434	0.4056603773584906	1	440.0	1	Celastraceae	0.0	{'Shikimic acids and derivatives', 'Cyanogenic glycosides', 'Prostaglandins', 'Polyether ionophores', 'Other Octadecanoids', 'Acyl phloroglucinols', 'Daucane sesquiterpenoids', 'Hydroxy fatty acids', 'Agarofuran sesquiterpenoids', 'Simple coumarins', 'Flavan-3-ols', 'Lanostane, Tirucallane and Euphane triterpenoids', 'Fatty acyl glycosides of mono- and disaccharides', 'Simple phenolic acids', 'Cinnamic acids and derivatives', 'Caryophyllane sesquiterpenoids', 'Dicarboxylic acids', 'Dipeptides', 'Lupane triterpenoids', 'Depsides and depsidones', 'Aminoacids', 'Menthane monoterpenoids', 'Quinoline alkaloids'}	{'Shikimic acids and derivatives', 'Cyanogenic glycosides', 'Other Octadecanoids', 'Acyl phloroglucinols', 'Lanostane, Tirucallane and Euphane triterpenoids', 'Caryophyllane sesquiterpenoids', 'Dicarboxylic acids', 'Depsides and depsidones', 'Aminoacids', 'Prostaglandins', 'Polyether ionophores', 'Daucane sesquiterpenoids', 'Hydroxy fatty acids', 'Simple coumarins', 'Flavan-3-ols', 'Fatty acyl glycosides of mono- and disaccharides', 'Simple phenolic acids', 'Dipeptides', 'Lupane triterpenoids', 'Menthane monoterpenoids', 'Quinoline alkaloids'}	1.0	2.4056603773584904
71	LQ-01-61-20_pos.mzXML	Euonymus maackii	Euonymus maackii|Stems	0.4642857142857143	0.39285714285714285	2	440.0	1	Celastraceae	0.0	{'Cyclic peptides', 'Ursane and Taraxastane triterpenoids', 'Triacylglycerols', 'Germacrane sesquiterpenoids', 'Primary amides', 'Kaurane and Phyllocladane diterpenoids', 'Other Octadecanoids', 'Purine nucleotides', 'Flavanones', 'Fatty aldehydes', 'Flavones', 'Lanostane, Tirucallane and Euphane triterpenoids', 'Secoiridoid monoterpenoids', 'Cyclophytane diterpenoids', 'Ergostane steroids', 'Straight chain fatty acids', 'Dicarboxylic acids', 'Aminoacids', 'Rotenoids', 'Prostaglandins', 'Monoacylglycerols', 'Pyridine alkaloids', 'Drimane sesquiterpenoids', 'Hydrocarbons', 'Vitamin D2 and derivatives', 'Hydroxy fatty acids', 'Imidazole alkaloids', 'Simple coumarins', 'Fatty acyl glycosides of mono- and disaccharides', 'Simple phenolic acids', 'Labdane diterpenoids', 'Lactones', 'Bisabolane sesquiterpenoids', 'Open-chain polyketides', 'Dibenzylbutyrolactone lignans', 'Cinnamic acids and derivatives', 'Cholane steroids', 'Purine alkaloids', 'Unsaturated fatty acids', 'Eremophilane sesquiterpenoids', 'Dipeptides', 'Polyamines', 'Cardenolides', 'Cholestane steroids', 'Sphingoid bases', 'Iridoids monoterpenoids'}	{'Cyclic peptides', 'Triacylglycerols', 'Primary amides', 'Germacrane sesquiterpenoids', 'Kaurane and Phyllocladane diterpenoids', 'Other Octadecanoids', 'Purine nucleotides', 'Fatty aldehydes', 'Flavanones', 'Flavones', 'Lanostane, Tirucallane and Euphane triterpenoids', 'Secoiridoid monoterpenoids', 'Cyclophytane diterpenoids', 'Ergostane steroids', 'Straight chain fatty acids', 'Dicarboxylic acids', 'Aminoacids', 'Rotenoids', 'Prostaglandins', 'Monoacylglycerols', 'Drimane sesquiterpenoids', 'Hydrocarbons', 'Vitamin D2 and derivatives', 'Hydroxy fatty acids', 'Imidazole alkaloids', 'Simple coumarins', 'Fatty acyl glycosides of mono- and disaccharides', 'Simple phenolic acids', 'Labdane diterpenoids', 'Lactones', 'Bisabolane sesquiterpenoids', 'Open-chain polyketides', 'Dibenzylbutyrolactone lignans', 'Cholane steroids', 'Purine alkaloids', 'Unsaturated fatty acids', 'Eremophilane sesquiterpenoids', 'Dipeptides', 'Polyamines', 'Cholestane steroids', 'Sphingoid bases', 'Iridoids monoterpenoids'}	1.0	2.392857142857143
74	LQ-01-61-50_pos.mzXML	Gymnosporia buxifolia	Gymnosporia buxifolia|Roots	0.40609137055837563	0.37055837563451777	0	0.0	1	Celastraceae	1.0			0.0	2.3705583756345177
77	LQ-01-61-39_pos.mzXML	Euonymus sanguineus	Euonymus sanguineus|Leaves	0.38144329896907214	0.36082474226804123	1	440.0	1	Celastraceae	0.0	{'Dammarane and Protostane triterpenoids', 'Jasmonic acids', 'Prostaglandins', 'Pregnane steroids', 'Purine nucleosides', 'Nitro fatty acids', 'Primary amides', 'Other Octadecanoids', 'Kaurane and Phyllocladane diterpenoids', 'Ceramides', 'Furocoumarins', 'Simple coumarins', 'Lanostane, Tirucallane and Euphane triterpenoids', 'Open-chain polyketides', 'Cinnamic acids and derivatives', 'Cholane steroids', 'Dicarboxylic acids', 'Unsaturated fatty acids', 'Polyamines', 'Lupane triterpenoids', 'Oleanane triterpenoids', 'Aminosugars', 'Flavonols', 'Cholestane steroids', 'Apocarotenoids (β-)', 'Cucurbitane triterpenoids', 'Sphingoid bases'}	{'Jasmonic acids', 'Purine nucleosides', 'Primary amides', 'Other Octadecanoids', 'Kaurane and Phyllocladane diterpenoids', 'Furocoumarins', 'Lanostane, Tirucallane and Euphane triterpenoids', 'Dicarboxylic acids', 'Dammarane and Protostane triterpenoids', 'Prostaglandins', 'Pregnane steroids', 'Nitro fatty acids', 'Ceramides', 'Simple coumarins', 'Open-chain polyketides', 'Cholane steroids', 'Unsaturated fatty acids', 'Polyamines', 'Lupane triterpenoids', 'Aminosugars', 'Cucurbitane triterpenoids', 'Cholestane steroids', 'Apocarotenoids (β-)', 'Sphingoid bases'}	1.0	2.3608247422680413
81	LQ-01-61-30_pos.mzXML	Euonymus alatus	Euonymus alatus|Leaves	0.36619718309859156	0.33098591549295775	1	440.0	1	Celastraceae	0.0	{'Prenyl quinone meroterpenoids', 'Purine nucleosides', 'Primary amides', 'Other Octadecanoids', 'Flavanones', 'Lanostane, Tirucallane and Euphane triterpenoids', 'Dicarboxylic acids', 'Fatty alcohols', 'Fatty acyl carnitines', 'Methyl xanthones', 'Dihydroflavonols', 'Tetraketide meroterpenoids', 'Prostaglandins', 'Pregnane steroids', 'Polyether ionophores', 'Hydroxy fatty acids', 'Fatty acyl glycosides of mono- and disaccharides', 'Simple phenolic acids', 'Open-chain polyketides', 'Erythromycins', 'Cholane steroids', 'Other Docosanoids', 'Unsaturated fatty acids', 'Lupane triterpenoids', 'Diacylglycerols', 'Hydroxy-hydroperoxyeicosatrienoic acids', 'Zearalenones', 'Cholestane steroids', 'Apocarotenoids (β-)', 'Sphingoid bases'}	{'Prenyl quinone meroterpenoids', 'Purine nucleosides', 'Primary amides', 'Other Octadecanoids', 'Flavanones', 'Lanostane, Tirucallane and Euphane triterpenoids', 'Dicarboxylic acids', 'Fatty alcohols', 'Fatty acyl carnitines', 'Methyl xanthones', 'Dihydroflavonols', 'Tetraketide meroterpenoids', 'Prostaglandins', 'Pregnane steroids', 'Polyether ionophores', 'Hydroxy fatty acids', 'Fatty acyl glycosides of mono- and disaccharides', 'Simple phenolic acids', 'Open-chain polyketides', 'Erythromycins', 'Cholane steroids', 'Other Docosanoids', 'Unsaturated fatty acids', 'Lupane triterpenoids', 'Diacylglycerols', 'Hydroxy-hydroperoxyeicosatrienoic acids', 'Zearalenones', 'Cholestane steroids', 'Apocarotenoids (β-)', 'Sphingoid bases'}	1.0	2.330985915492958
84	LQ-01-61-25_pos.mzXML	Euonymus dielsianus	Euonymus dielsianus|Stems	0.3119266055045872	0.2889908256880734	0	0.0	1	Celastraceae	1.0			0.0	2.2889908256880735
0	LQ-01-61-06_pos.mzXML	Celastrus orbiculatus	Celastrus orbiculatus|Roots	0.86328125	0.82421875	212	732.0	0	Celastraceae	0.0	{'Jasmonic acids', 'Prenyl quinone meroterpenoids', 'Ursane and Taraxastane triterpenoids', 'Piperidine alkaloids', 'Paraliane diterpenoids', 'Catechols with side chains', 'Triacylglycerols', 'Azaphilones', 'Primary amides', 'Pimarane and Isopimarane diterpenoids', 'Irregular monoterpenoids', 'Dicarboxylic acids', 'Fatty alcohols', 'Tetracyclic diterpenoids', 'Aminoacids', 'Depsides and depsidones', 'Isocoumarins', 'Tetraketide meroterpenoids', 'Phenylalanine-derived alkaloids', 'Drimane sesquiterpenoids', 'Daucane sesquiterpenoids', 'Hydroxy fatty acids', 'Imidazole alkaloids', 'Simple coumarins', 'Open-chain polyketides', 'Cinnamic acids and derivatives', 'Cholane steroids', 'Dipeptides', 'Polyamines', 'Abietane diterpenoids', 'Zearalenones', 'Arteminisin'}	{'Prenyl quinone meroterpenoids', 'Jasmonic acids', 'Ursane and Taraxastane triterpenoids', 'Piperidine alkaloids', 'Paraliane diterpenoids', 'Catechols with side chains', 'Azaphilones', 'Primary amides', 'Pimarane and Isopimarane diterpenoids', 'Irregular monoterpenoids', 'Dicarboxylic acids', 'Fatty alcohols', 'Tetracyclic diterpenoids', 'Aminoacids', 'Depsides and depsidones', 'Isocoumarins', 'Tetraketide meroterpenoids', 'Phenylalanine-derived alkaloids', 'Drimane sesquiterpenoids', 'Daucane sesquiterpenoids', 'Hydroxy fatty acids', 'Imidazole alkaloids', 'Simple coumarins', 'Open-chain polyketides', 'Cinnamic acids and derivatives', 'Cholane steroids', 'Dipeptides', 'Polyamines', 'Abietane diterpenoids', 'Zearalenones', 'Arteminisin'}	1.0	1.82421875
4	LQ-01-61-27_pos.mzXML	Euonymus fortunei	Euonymus fortunei|Aerial_parts	0.9032258064516129	0.7903225806451613	11	440.0	0	Celastraceae	0.0	{'Cyanogenic glycosides', 'Ursane and Taraxastane triterpenoids', 'Piperidine alkaloids', 'Purine nucleosides', 'Primary amides', 'Other Octadecanoids', 'Flavanones', 'Lanostane, Tirucallane and Euphane triterpenoids', 'Ecdysteroids', 'Secoiridoid monoterpenoids', 'Dicarboxylic acids', 'Fatty alcohols', 'Phenylalanine-derived alkaloids', 'Pregnane steroids', 'Simple phenolic acids', '2-pyrone derivatives', 'Open-chain polyketides', 'Cinnamic acids and derivatives', 'Purine alkaloids', 'Dipeptides', 'Oleanane triterpenoids', 'Lupane triterpenoids', 'Picrotoxane sesquiterpenoids', 'Limonoids', 'Chalcones', 'Flavonols', 'Megastigmanes', 'Cucurbitane triterpenoids', 'Linear polyenes', 'Iridoids monoterpenoids'}	{'Cyanogenic glycosides', 'Piperidine alkaloids', 'Purine nucleosides', 'Primary amides', 'Other Octadecanoids', 'Flavanones', 'Lanostane, Tirucallane and Euphane triterpenoids', 'Secoiridoid monoterpenoids', 'Ecdysteroids', 'Dicarboxylic acids', 'Fatty alcohols', 'Phenylalanine-derived alkaloids', 'Pregnane steroids', 'Simple phenolic acids', '2-pyrone derivatives', 'Open-chain polyketides', 'Purine alkaloids', 'Dipeptides', 'Lupane triterpenoids', 'Picrotoxane sesquiterpenoids', 'Limonoids', 'Chalcones', 'Cucurbitane triterpenoids', 'Megastigmanes', 'Linear polyenes', 'Iridoids monoterpenoids'}	1.0	1.7903225806451613
8	LQ-01-61-05_pos.mzXML	Celastrus orbiculatus	Celastrus orbiculatus|Stems	0.7623762376237624	0.7227722772277227	212	732.0	0	Celastraceae	0.0	{'Cyanogenic glycosides', 'Ursane and Taraxastane triterpenoids', 'Paraliane diterpenoids', 'Triacylglycerols', 'Purine nucleosides', 'Primary amides', 'Oligomeric phloroglucinols (phlorotannins)', 'Glycosyldiacylglycerols', 'Lanostane, Tirucallane and Euphane triterpenoids', 'Ergostane steroids', 'Dicarboxylic acids', 'Aminoacids', 'Dihydroflavonols', 'Abeolupane triterpenoids', 'Pyridine alkaloids', 'Aminoglycosides', 'Polyether ionophores', 'Fusidane triterpenoids', 'Hydrocarbons', 'Daucane sesquiterpenoids', 'Drimane sesquiterpenoids', 'Hydroxy fatty acids', 'Simple coumarins', 'Trichothecane sesquiterpenoids', 'Open-chain polyketides', 'Cholane steroids', 'Polyamines', 'Cannabinoids', 'Diacylglycerols', 'Limonoids', 'Chalcones', 'Lipopeptides', 'Zearalenones', 'Cholestane steroids'}	{'Cyanogenic glycosides', 'Ursane and Taraxastane triterpenoids', 'Purine nucleosides', 'Paraliane diterpenoids', 'Primary amides', 'Oligomeric phloroglucinols (phlorotannins)', 'Glycosyldiacylglycerols', 'Lanostane, Tirucallane and Euphane triterpenoids', 'Ergostane steroids', 'Dicarboxylic acids', 'Aminoacids', 'Dihydroflavonols', 'Abeolupane triterpenoids', 'Pyridine alkaloids', 'Aminoglycosides', 'Polyether ionophores', 'Fusidane triterpenoids', 'Hydrocarbons', 'Daucane sesquiterpenoids', 'Drimane sesquiterpenoids', 'Hydroxy fatty acids', 'Simple coumarins', 'Trichothecane sesquiterpenoids', 'Open-chain polyketides', 'Cholane steroids', 'Polyamines', 'Cannabinoids', 'Diacylglycerols', 'Limonoids', 'Chalcones', 'Lipopeptides', 'Zearalenones', 'Cholestane steroids'}	1.0	1.7227722772277227
10	LQ-01-61-57_pos.mzXML	Microtropis triflora	Microtropis triflora|Roots	0.8166666666666667	0.7	14	211.0	0	Celastraceae	0.0	{'Dammarane and Protostane triterpenoids', 'Ursane and Taraxastane triterpenoids', 'Primary amides', 'Drimane sesquiterpenoids', 'Kaurane and Phyllocladane diterpenoids', 'Other Octadecanoids', 'Fusidane triterpenoids', 'Ceramides', 'Irregular monoterpenoids', 'Lanostane, Tirucallane and Euphane triterpenoids', 'Open-chain polyketides', 'Dibenzylbutyrolactone lignans', 'Caryophyllane sesquiterpenoids', 'Dicarboxylic acids', 'Polyprenylated cyclic polyketides (Hop meroterpenoids)', 'Dipeptides', 'Unsaturated fatty acids', 'Oleanane triterpenoids', 'Eremophilane sesquiterpenoids', 'Fatty alcohols', 'Dibenzylbutane lignans', 'Cholestane steroids', 'Sphingoid bases', 'Arteminisin'}	{'Dammarane and Protostane triterpenoids', 'Ursane and Taraxastane triterpenoids', 'Primary amides', 'Drimane sesquiterpenoids', 'Kaurane and Phyllocladane diterpenoids', 'Other Octadecanoids', 'Fusidane triterpenoids', 'Ceramides', 'Irregular monoterpenoids', 'Lanostane, Tirucallane and Euphane triterpenoids', 'Open-chain polyketides', 'Dibenzylbutyrolactone lignans', 'Caryophyllane sesquiterpenoids', 'Dicarboxylic acids', 'Polyprenylated cyclic polyketides (Hop meroterpenoids)', 'Dipeptides', 'Unsaturated fatty acids', 'Oleanane triterpenoids', 'Eremophilane sesquiterpenoids', 'Fatty alcohols', 'Dibenzylbutane lignans', 'Cholestane steroids', 'Sphingoid bases', 'Arteminisin'}	1.0	1.7
11	LQ-01-61-42_pos.mzXML	Loeseneriella concinna	Loeseneriella concinna|Leaves	0.7087378640776699	0.6893203883495146	0	0.0	1	Celastraceae	0.0			0.0	1.6893203883495147
16	LQ-01-61-09_pos.mzXML	Celastrus paniculatus	Celastrus paniculatus|Bark	0.7	0.6571428571428571	71	732.0	0	Celastraceae	0.0	{'Prostaglandins', 'Straight chain fatty acids', 'Cholane steroids', 'Pyridine alkaloids', 'Dicarboxylic acids', 'Piperidine alkaloids', 'Primary amides', 'Wax monoesters', 'Kavalactones and derivatives', 'Simple coumarins', 'Cholestane steroids', 'Simple phenolic acids'}	{'Prostaglandins', 'Straight chain fatty acids', 'Cholane steroids', 'Pyridine alkaloids', 'Dicarboxylic acids', 'Piperidine alkaloids', 'Primary amides', 'Wax monoesters', 'Kavalactones and derivatives', 'Simple coumarins', 'Cholestane steroids'}	1.0	1.657142857142857
17	LQ-01-61-68_pos.mzXML	Salacia cochinchinensis	Salacia cochinchinensis|Leaves	0.6578947368421053	0.6447368421052632	0	0.0	1	Celastraceae	0.0			0.0	1.6447368421052633
18	LQ-01-61-40_pos.mzXML	Loeseneriella urceolus	Loeseneriella urceolus|Leaves	0.6525821596244131	0.6291079812206573	0	0.0	1	Celastraceae	0.0			0.0	1.6291079812206573
20	LQ-01-61-33_pos.mzXML	Euonymus frigidus	Euonymus frigidus|Leaves	0.6844262295081968	0.6147540983606558	0	0.0	1	Celastraceae	0.0			0.0	1.6147540983606556
23	LQ-01-61-69_pos.mzXML	Salacia cochinchinensis	Salacia cochinchinensis|Branche	0.7433628318584071	0.6106194690265486	0	0.0	1	Celastraceae	0.0			0.0	1.6106194690265485
24	LQ-01-61-58_pos.mzXML	Microtropis triflora	Microtropis triflora|Stems	0.6519607843137255	0.6029411764705882	14	211.0	0	Celastraceae	0.0	{'Cyanogenic glycosides', 'Ursane and Taraxastane triterpenoids', 'Neutral glycosphingolipids', 'Primary amides', 'Other Octadecanoids', 'Kaurane and Phyllocladane diterpenoids', 'Pimarane and Isopimarane diterpenoids', 'Lanostane, Tirucallane and Euphane triterpenoids', 'Taxane diterpenoids', 'Straight chain fatty acids', 'Dicarboxylic acids', 'N-acyl ethanolamines (endocannabinoids)', 'Tetracyclic diterpenoids', 'Aminoacids', 'Fatty alcohols', 'Pregnane steroids', 'Monoacylglycerols', 'Estrane steroids', 'Pyridine alkaloids', 'Aminoglycosides', 'Polyether ionophores', 'Drimane sesquiterpenoids', 'Fusidane triterpenoids', '12-oxophytodienoic acid metabolites', 'Agarofuran sesquiterpenoids', 'Trichothecane sesquiterpenoids', 'Androstane steroids', 'Fatty acyl glycosides of mono- and disaccharides', 'Open-chain polyketides', 'Cinnamic acids and derivatives', 'Carotenoids (C40, β-β)', 'Unsaturated fatty acids', 'Oleanane triterpenoids', 'Lupane triterpenoids', 'Diacylglycerols', 'Cardenolides', 'Cucurbitane triterpenoids', 'Cholestane steroids', 'Apocarotenoids (β-)'}	{'Cyanogenic glycosides', 'Ursane and Taraxastane triterpenoids', 'Neutral glycosphingolipids', 'Primary amides', 'Other Octadecanoids', 'Kaurane and Phyllocladane diterpenoids', 'Pimarane and Isopimarane diterpenoids', 'Lanostane, Tirucallane and Euphane triterpenoids', 'Taxane diterpenoids', 'Straight chain fatty acids', 'Dicarboxylic acids', 'N-acyl ethanolamines (endocannabinoids)', 'Tetracyclic diterpenoids', 'Aminoacids', 'Fatty alcohols', 'Pregnane steroids', 'Monoacylglycerols', 'Estrane steroids', 'Pyridine alkaloids', 'Aminoglycosides', 'Polyether ionophores', 'Drimane sesquiterpenoids', 'Fusidane triterpenoids', '12-oxophytodienoic acid metabolites', 'Agarofuran sesquiterpenoids', 'Trichothecane sesquiterpenoids', 'Androstane steroids', 'Fatty acyl glycosides of mono- and disaccharides', 'Open-chain polyketides', 'Cinnamic acids and derivatives', 'Carotenoids (C40, β-β)', 'Unsaturated fatty acids', 'Oleanane triterpenoids', 'Lupane triterpenoids', 'Diacylglycerols', 'Cardenolides', 'Cucurbitane triterpenoids', 'Cholestane steroids', 'Apocarotenoids (β-)'}	1.0	1.6029411764705883
26	LQ-01-61-51_pos.mzXML	Gymnosporia graciliramula	Gymnosporia graciliramula|Aerial_parts	0.6504065040650406	0.5934959349593496	0	0.0	1	Celastraceae	0.0			0.0	1.5934959349593496
28	LQ-01-61-15_pos.mzXML	Euonymus alatus	Euonymus alatus|Stems	0.7096774193548387	0.5806451612903226	92	440.0	0	Celastraceae	0.0	{'Prostaglandins', 'Isoflavones', 'Aminoacids', 'Amino fatty acids', 'Quinoline alkaloids', 'Flavones', 'Iridoids monoterpenoids'}	{'Prostaglandins', 'Isoflavones', 'Aminoacids', 'Amino fatty acids', 'Quinoline alkaloids', 'Flavones', 'Iridoids monoterpenoids'}	1.0	1.5806451612903225
30	LQ-01-61-08_pos.mzXML	Celastrus paniculatus	Celastrus paniculatus|Leaves	0.696969696969697	0.5757575757575758	71	732.0	0	Celastraceae	0.0	{'Oleanane triterpenoids', 'Labdane diterpenoids', '12-oxophytodienoic acid metabolites', 'Aminoacids', 'Quinazoline alkaloids', 'Simple coumarins', 'Apocarotenoids (β-)', 'Cyclophytane diterpenoids'}	{'12-oxophytodienoic acid metabolites', 'Aminoacids', 'Quinazoline alkaloids', 'Simple coumarins', 'Apocarotenoids (β-)', 'Cyclophytane diterpenoids'}	1.0	1.5757575757575757
32	LQ-01-61-29_pos.mzXML	Euonymus alatus	Euonymus alatus|Bark	0.624113475177305	0.5673758865248227	92	440.0	0	Celastraceae	0.0	{'Cyanogenic glycosides', 'Aflatoxins', 'Primary amides', 'Germacrane sesquiterpenoids', 'Lanostane, Tirucallane and Euphane triterpenoids', 'Cyclophytane diterpenoids', 'Depsides and depsidones', 'Aminoacids', 'Dammarane and Protostane triterpenoids', 'Prostaglandins', 'Pregnane steroids', 'Simple phenolic acids', 'Open-chain polyketides', 'Cholane steroids', 'Unsaturated fatty acids', 'Dipeptides', 'Lupane triterpenoids', 'Limonoids', 'Cholestane steroids', 'Apocarotenoids (β-)', 'Lactarane sesquiterpenoids', 'Spirostane steroids'}	{'Cyanogenic glycosides', 'Aflatoxins', 'Primary amides', 'Germacrane sesquiterpenoids', 'Lanostane, Tirucallane and Euphane triterpenoids', 'Cyclophytane diterpenoids', 'Depsides and depsidones', 'Aminoacids', 'Dammarane and Protostane triterpenoids', 'Prostaglandins', 'Pregnane steroids', 'Simple phenolic acids', 'Open-chain polyketides', 'Cholane steroids', 'Unsaturated fatty acids', 'Dipeptides', 'Lupane triterpenoids', 'Limonoids', 'Cholestane steroids', 'Apocarotenoids (β-)', 'Lactarane sesquiterpenoids', 'Spirostane steroids'}	1.0	1.5673758865248226
35	LQ-01-61-44_pos.mzXML	Gymnosporia buchananii	Gymnosporia buchananii|Stems	0.5895953757225434	0.5491329479768786	15	329.0	0	Celastraceae	0.0	{'Cyclic peptides', 'Ursane and Taraxastane triterpenoids', 'Pregnane steroids', 'Neutral glycosphingolipids', 'Triacylglycerols', 'Primary amides', 'Drimane sesquiterpenoids', 'Kaurane and Phyllocladane diterpenoids', 'Hydrocarbons', 'Daucane sesquiterpenoids', 'Humulane sesquiterpenoids', 'Vitamin D2 and derivatives', 'Monocyclic monoterpenoids', 'Pimarane and Isopimarane diterpenoids', 'Agarofuran sesquiterpenoids', 'Corynanthe type', 'Androstane steroids', 'Lanostane, Tirucallane and Euphane triterpenoids', 'Straight chain fatty acids', 'Dicarboxylic acids', 'Dipeptides', 'Unsaturated fatty acids', 'Oleanane triterpenoids', 'Lupane triterpenoids', 'N-acyl ethanolamines (endocannabinoids)', 'Cholestane steroids', 'Apocarotenoids (β-)'}	{'Cyclic peptides', 'Ursane and Taraxastane triterpenoids', 'Neutral glycosphingolipids', 'Triacylglycerols', 'Primary amides', 'Kaurane and Phyllocladane diterpenoids', 'Humulane sesquiterpenoids', 'Pimarane and Isopimarane diterpenoids', 'Corynanthe type', 'Lanostane, Tirucallane and Euphane triterpenoids', 'Straight chain fatty acids', 'Dicarboxylic acids', 'N-acyl ethanolamines (endocannabinoids)', 'Pregnane steroids', 'Drimane sesquiterpenoids', 'Hydrocarbons', 'Daucane sesquiterpenoids', 'Vitamin D2 and derivatives', 'Monocyclic monoterpenoids', 'Agarofuran sesquiterpenoids', 'Androstane steroids', 'Dipeptides', 'Unsaturated fatty acids', 'Lupane triterpenoids', 'Cholestane steroids', 'Apocarotenoids (β-)'}	1.0	1.5491329479768785
36	LQ-01-61-12_pos.mzXML	Evonymopsis sp	Evonymopsis sp|Leaves	0.6123595505617978	0.5449438202247191	0	0.0	1	Celastraceae	0.0			0.0	1.5449438202247192
38	LQ-01-61-43_pos.mzXML	Gymnosporia buchananii	Gymnosporia buchananii|Leaves	0.6277777777777778	0.5277777777777778	15	329.0	0	Celastraceae	0.0	{'Cyanogenic glycosides', 'Cyclic peptides', 'Prenyl quinone meroterpenoids', 'Isoquinoline alkaloids', 'Primary amides', 'Germacrane sesquiterpenoids', 'Other Octadecanoids', 'Kaurane and Phyllocladane diterpenoids', 'Flavanones', 'Flavones', 'Lanostane, Tirucallane and Euphane triterpenoids', 'Secoiridoid monoterpenoids', 'Ergostane steroids', 'Apocarotenoids(ε-)', 'Fatty alcohols', 'Aminoacids', 'Glucosinolates', 'Tetraketide meroterpenoids', 'Pyrimidine nucleosides', 'Pregnane steroids', 'Aminoglycosides', 'Fusidane triterpenoids', 'Imidazole alkaloids', 'Simple coumarins', 'Glycerophosphocholines', 'Flavan-3-ols', 'Androstane steroids', 'Simple phenolic acids', 'Carotenoids (C40, β-β)', 'Dipeptides', 'Unsaturated fatty acids', 'Polyamines', 'Lupane triterpenoids', 'Oleanane triterpenoids', 'Kavalactones and derivatives', 'Flavonols', 'Megastigmanes', 'Sphingoid bases', 'Arteminisin'}	{'Cyanogenic glycosides', 'Cyclic peptides', 'Prenyl quinone meroterpenoids', 'Isoquinoline alkaloids', 'Primary amides', 'Germacrane sesquiterpenoids', 'Other Octadecanoids', 'Kaurane and Phyllocladane diterpenoids', 'Flavanones', 'Flavones', 'Lanostane, Tirucallane and Euphane triterpenoids', 'Secoiridoid monoterpenoids', 'Ergostane steroids', 'Apocarotenoids(ε-)', 'Aminoacids', 'Glucosinolates', 'Tetraketide meroterpenoids', 'Pyrimidine nucleosides', 'Pregnane steroids', 'Aminoglycosides', 'Fusidane triterpenoids', 'Imidazole alkaloids', 'Glycerophosphocholines', 'Androstane steroids', 'Simple phenolic acids', 'Carotenoids (C40, β-β)', 'Dipeptides', 'Unsaturated fatty acids', 'Polyamines', 'Lupane triterpenoids', 'Kavalactones and derivatives', 'Flavonols', 'Megastigmanes', 'Sphingoid bases', 'Arteminisin'}	1.0	1.5277777777777777
40	LQ-01-61-46_pos.mzXML	Maytenus inermis	Maytenus inermis|Leaves	0.5727272727272728	0.509090909090909	0	0.0	1	Celastraceae	0.0			0.0	1.509090909090909
41	LQ-01-61-64_pos.mzXML	Pleurostylia pachyphloea	Pleurostylia pachyphloea|Leaves	0.5722543352601156	0.5028901734104047	0	0.0	1	Celastraceae	0.0			0.0	1.5028901734104045
42	LQ-01-61-59_pos.mzXML	Microtropis triflora	Microtropis triflora|Leaves	0.5573770491803278	0.5	14	211.0	0	Celastraceae	0.0	{'Cyanogenic glycosides', 'Cyclic peptides', 'Piperidine alkaloids', 'Primary amides', 'Other Octadecanoids', 'Quinazoline alkaloids', 'Irregular monoterpenoids', 'Cyclophytane diterpenoids', 'Straight chain fatty acids', 'Dicarboxylic acids', 'Tetraketide meroterpenoids', 'Prostaglandins', 'Estrane steroids', 'Pyrimidine nucleotides', 'Pyridine alkaloids', 'Nitro fatty acids', 'Polyether ionophores', 'Hydroxy fatty acids', 'Simple coumarins', 'Androstane steroids', 'Fatty acyl glycosides of mono- and disaccharides', 'Carboline alkaloids', 'Open-chain polyketides', 'Erythromycins', 'Unsaturated fatty acids', 'Dipeptides', 'Diacylglycerols', 'Kavalactones and derivatives', 'Cholestane steroids', 'Menthane monoterpenoids', 'Quinoline alkaloids', 'Iridoids monoterpenoids'}	{'Cyanogenic glycosides', 'Cyclic peptides', 'Piperidine alkaloids', 'Primary amides', 'Other Octadecanoids', 'Quinazoline alkaloids', 'Irregular monoterpenoids', 'Cyclophytane diterpenoids', 'Straight chain fatty acids', 'Dicarboxylic acids', 'Tetraketide meroterpenoids', 'Prostaglandins', 'Estrane steroids', 'Pyrimidine nucleotides', 'Pyridine alkaloids', 'Nitro fatty acids', 'Polyether ionophores', 'Hydroxy fatty acids', 'Simple coumarins', 'Androstane steroids', 'Fatty acyl glycosides of mono- and disaccharides', 'Carboline alkaloids', 'Open-chain polyketides', 'Erythromycins', 'Unsaturated fatty acids', 'Dipeptides', 'Diacylglycerols', 'Kavalactones and derivatives', 'Cholestane steroids', 'Menthane monoterpenoids', 'Quinoline alkaloids', 'Iridoids monoterpenoids'}	1.0	1.5
47	LQ-01-61-67_pos.mzXML	Salacia chinensis	Salacia chinensis|Roots	0.5688622754491018	0.47904191616766467	313	514.0	0	Celastraceae	0.0	{'Cyanogenic glycosides', 'Primary amides', 'Fatty aldehydes', 'Lanostane, Tirucallane and Euphane triterpenoids', 'Norlabdane diterpenoids', 'Straight chain fatty acids', 'Caryophyllane sesquiterpenoids', 'Apocarotenoids (Ψ-)', 'Fatty alcohols', 'Aminoacids', 'Bisnaphthalenes', 'Tetraketide meroterpenoids', 'Pregnane steroids', 'Pyridine alkaloids', 'Serratane triterpenoids', 'Fusidane triterpenoids', 'Daucane sesquiterpenoids', 'Monocyclic monoterpenoids', 'Labdane diterpenoids', 'Carotenoids (C40, β-β)', 'Cholane steroids', 'Dibenzylbutane lignans', 'Apocarotenoids (β-)', 'Cyclamides'}	{'Cyanogenic glycosides', 'Primary amides', 'Fatty aldehydes', 'Lanostane, Tirucallane and Euphane triterpenoids', 'Norlabdane diterpenoids', 'Straight chain fatty acids', 'Caryophyllane sesquiterpenoids', 'Apocarotenoids (Ψ-)', 'Fatty alcohols', 'Aminoacids', 'Bisnaphthalenes', 'Tetraketide meroterpenoids', 'Pregnane steroids', 'Pyridine alkaloids', 'Serratane triterpenoids', 'Fusidane triterpenoids', 'Daucane sesquiterpenoids', 'Monocyclic monoterpenoids', 'Labdane diterpenoids', 'Carotenoids (C40, β-β)', 'Cholane steroids', 'Dibenzylbutane lignans', 'Apocarotenoids (β-)', 'Cyclamides'}	1.0	1.4790419161676647
51	LQ-01-61-02_pos.mzXML	Catha edulis	Catha edulis|Stems	0.49514563106796117	0.46601941747572817	126	126.0	0	Celastraceae	0.0	{'Tetraketide meroterpenoids', 'Ursane and Taraxastane triterpenoids', 'Estrane steroids', 'Cholane steroids', 'Depsipeptides', 'Dipeptides', 'Oleanane triterpenoids', 'Lupane triterpenoids', 'Fatty alcohols', 'Hydroxy fatty acids', 'Simple coumarins', 'Cholestane steroids', 'Menthane monoterpenoids', 'Androstane steroids', 'Lanostane, Tirucallane and Euphane triterpenoids', 'Labdane diterpenoids', 'Open-chain polyketides'}	{'Tetraketide meroterpenoids', 'Ursane and Taraxastane triterpenoids', 'Estrane steroids', 'Depsipeptides', 'Cholane steroids', 'Dipeptides', 'Oleanane triterpenoids', 'Lupane triterpenoids', 'Fatty alcohols', 'Hydroxy fatty acids', 'Simple coumarins', 'Cholestane steroids', 'Menthane monoterpenoids', 'Androstane steroids', 'Lanostane, Tirucallane and Euphane triterpenoids', 'Labdane diterpenoids', 'Open-chain polyketides'}	1.0	1.4660194174757282
52	LQ-01-61-61_pos.mzXML	Mystroxylon aethiopicum	Mystroxylon aethiopicum|Leaves	0.5178571428571429	0.4642857142857143	0	0.0	1	Celastraceae	0.0			0.0	1.4642857142857144
53	LQ-01-61-01_pos.mzXML	Catha edulis	Catha edulis|Leaves	0.49242424242424243	0.45454545454545453	126	126.0	0	Celastraceae	0.0	{'Cyclic peptides', 'Caryophyllane sesquiterpenoids', 'Piperidine alkaloids', 'Dicarboxylic acids', 'Oleanane triterpenoids', 'Polyether ionophores', 'Primary amides', 'Lupane triterpenoids', 'Ceramides', 'Hydroxy fatty acids', 'Corynanthe type', 'Apocarotenoids (β-)', 'Lanostane, Tirucallane and Euphane triterpenoids', 'Simple phenolic acids', 'Iridoids monoterpenoids'}	{'Cyclic peptides', 'Caryophyllane sesquiterpenoids', 'Piperidine alkaloids', 'Dicarboxylic acids', 'Oleanane triterpenoids', 'Polyether ionophores', 'Primary amides', 'Lupane triterpenoids', 'Ceramides', 'Hydroxy fatty acids', 'Corynanthe type', 'Apocarotenoids (β-)', 'Lanostane, Tirucallane and Euphane triterpenoids', 'Simple phenolic acids', 'Iridoids monoterpenoids'}	1.0	1.4545454545454546
54	LQ-01-61-66_pos.mzXML	Salacia chinensis	Salacia chinensis|Branche	0.5238095238095238	0.4444444444444444	313	514.0	0	Celastraceae	0.0	{'Other Octadecanoids', 'Lanostane, Tirucallane and Euphane triterpenoids', 'Anthraquinones and anthrones', 'Dicarboxylic acids', 'Fatty alcohols', 'Depsides and depsidones', 'Aminoacids', 'Estrane steroids', 'Depsipeptides', 'Serratane triterpenoids', 'Totarane diterpenoids', 'Hydroxy fatty acids', 'Chromones', 'Phenazine alkaloids', 'Cholane steroids', 'Dipeptides', 'Abietane diterpenoids', 'Diacylglycerols', 'Cholestane steroids'}	{'Other Octadecanoids', 'Lanostane, Tirucallane and Euphane triterpenoids', 'Anthraquinones and anthrones', 'Dicarboxylic acids', 'Fatty alcohols', 'Depsides and depsidones', 'Aminoacids', 'Estrane steroids', 'Depsipeptides', 'Serratane triterpenoids', 'Totarane diterpenoids', 'Hydroxy fatty acids', 'Chromones', 'Phenazine alkaloids', 'Cholane steroids', 'Dipeptides', 'Abietane diterpenoids', 'Diacylglycerols', 'Cholestane steroids'}	1.0	1.4444444444444444
55	LQ-01-61-04_pos.mzXML	Catha edulis	Catha edulis|Aerial_parts	0.4632768361581921	0.4350282485875706	126	126.0	0	Celastraceae	0.0	{'Cyanogenic glycosides', 'Ursane and Taraxastane triterpenoids', 'Piperidine alkaloids', 'Isoquinoline alkaloids', 'Germacrane sesquiterpenoids', 'Arylnaphthalene and aryltetralin lignans', 'Humulane sesquiterpenoids', 'Corynanthe type', 'Lanostane, Tirucallane and Euphane triterpenoids', 'Ergostane steroids', 'Yohimbine-like alkaloids', 'Dicarboxylic acids', 'Simple oxindole alkaloids', 'Tetraketide meroterpenoids', 'Prostaglandins', 'Nitro fatty acids', 'Fusidane triterpenoids', 'Drimane sesquiterpenoids', 'Daucane sesquiterpenoids', 'Chromones', 'Triketide meroterpenoids', 'Simple phenolic acids', 'Cholane steroids', 'Dipeptides', 'Lupane triterpenoids', 'Cucurbitane triterpenoids', 'Cholestane steroids', 'Quinoline alkaloids', '3-Spirotetramic acids', 'Cyclamides'}	{'Cyanogenic glycosides', 'Ursane and Taraxastane triterpenoids', 'Piperidine alkaloids', 'Isoquinoline alkaloids', 'Germacrane sesquiterpenoids', 'Arylnaphthalene and aryltetralin lignans', 'Humulane sesquiterpenoids', 'Corynanthe type', 'Lanostane, Tirucallane and Euphane triterpenoids', 'Ergostane steroids', 'Yohimbine-like alkaloids', 'Dicarboxylic acids', 'Simple oxindole alkaloids', 'Tetraketide meroterpenoids', 'Prostaglandins', 'Nitro fatty acids', 'Fusidane triterpenoids', 'Drimane sesquiterpenoids', 'Daucane sesquiterpenoids', 'Chromones', 'Triketide meroterpenoids', 'Simple phenolic acids', 'Cholane steroids', 'Dipeptides', 'Lupane triterpenoids', 'Cucurbitane triterpenoids', 'Cholestane steroids', 'Quinoline alkaloids', '3-Spirotetramic acids', 'Cyclamides'}	1.0	1.4350282485875705
56	LQ-01-61-10_pos.mzXML	Elaeodendron schweinfurthianum	Elaeodendron schweinfurthianum|Leaves	0.5043478260869565	0.43478260869565216	0	0.0	1	Celastraceae	0.0			0.0	1.434782608695652
57	LQ-01-61-53_pos.mzXML	Gymnosporia senegalensis	Gymnosporia senegalensis|Stems	0.49206349206349204	0.42857142857142855	43	329.0	0	Celastraceae	0.0	{'Cyanogenic glycosides', 'Primary amides', 'Lanostane, Tirucallane and Euphane triterpenoids', 'N-acyl ethanolamines (endocannabinoids)', 'Branched fatty acids', 'Amino cyclitols', 'Monoacylglycerols', 'Hydrocarbons', 'Ceramides', 'Hydroxy fatty acids', 'Fatty acyl glycosides of mono- and disaccharides', 'Simple phenolic acids', 'Open-chain polyketides', 'Cinnamic acids and derivatives', 'Carotenoids (C40, β-β)', 'Cholane steroids', 'Unsaturated fatty acids', 'Polyamines', 'Diacylglycerols', 'Cholestane steroids', 'Sphingoid bases', 'Iridoids monoterpenoids'}	{'Cyanogenic glycosides', 'Primary amides', 'Lanostane, Tirucallane and Euphane triterpenoids', 'N-acyl ethanolamines (endocannabinoids)', 'Branched fatty acids', 'Amino cyclitols', 'Monoacylglycerols', 'Hydrocarbons', 'Ceramides', 'Hydroxy fatty acids', 'Fatty acyl glycosides of mono- and disaccharides', 'Simple phenolic acids', 'Open-chain polyketides', 'Cinnamic acids and derivatives', 'Carotenoids (C40, β-β)', 'Cholane steroids', 'Unsaturated fatty acids', 'Polyamines', 'Diacylglycerols', 'Cholestane steroids', 'Sphingoid bases', 'Iridoids monoterpenoids'}	1.0	1.4285714285714286
58	LQ-01-61-53_pos.mzXML	Gymnosporia senegalensis	Gymnosporia senegalensis|Stems	0.49206349206349204	0.42857142857142855	27	329.0	0	Celastraceae	0.0	{'Cyanogenic glycosides', 'Primary amides', 'Lanostane, Tirucallane and Euphane triterpenoids', 'N-acyl ethanolamines (endocannabinoids)', 'Branched fatty acids', 'Amino cyclitols', 'Monoacylglycerols', 'Hydrocarbons', 'Ceramides', 'Hydroxy fatty acids', 'Fatty acyl glycosides of mono- and disaccharides', 'Simple phenolic acids', 'Open-chain polyketides', 'Cinnamic acids and derivatives', 'Carotenoids (C40, β-β)', 'Cholane steroids', 'Unsaturated fatty acids', 'Polyamines', 'Diacylglycerols', 'Cholestane steroids', 'Sphingoid bases', 'Iridoids monoterpenoids'}	{'Cyanogenic glycosides', 'Primary amides', 'Lanostane, Tirucallane and Euphane triterpenoids', 'N-acyl ethanolamines (endocannabinoids)', 'Branched fatty acids', 'Amino cyclitols', 'Monoacylglycerols', 'Hydrocarbons', 'Ceramides', 'Hydroxy fatty acids', 'Fatty acyl glycosides of mono- and disaccharides', 'Simple phenolic acids', 'Open-chain polyketides', 'Cinnamic acids and derivatives', 'Carotenoids (C40, β-β)', 'Cholane steroids', 'Unsaturated fatty acids', 'Polyamines', 'Diacylglycerols', 'Cholestane steroids', 'Sphingoid bases', 'Iridoids monoterpenoids'}	1.0	1.4285714285714286
59	LQ-01-61-18_pos.mzXML	Euonymus bockii	Euonymus bockii|Stems	0.43902439024390244	0.4268292682926829	0	0.0	1	Celastraceae	0.0			0.0	1.4268292682926829
60	LQ-01-61-11_pos.mzXML	Elaeodendron schweinfurthianum	Elaeodendron schweinfurthianum|Stems	0.4881516587677725	0.4265402843601896	0	0.0	1	Celastraceae	0.0			0.0	1.4265402843601895
62	LQ-01-61-16_pos.mzXML	Euonymus alatus	Euonymus alatus|Leaves	0.49586776859504134	0.4214876033057851	92	440.0	0	Celastraceae	0.0	{'Anthocyanidins', 'Piperidine alkaloids', 'Triacylglycerols', 'Other Octadecanoids', 'Amino fatty acids', 'Flavones', 'Apocarotenoids(ε-)', 'N-acyl amines', 'Dicarboxylic acids', 'Other Eicosanoids', 'Fatty alcohols', 'N-acyl ethanolamines (endocannabinoids)', 'Tetracyclic diterpenoids', 'Aminoacids', 'Macrolide lactones', 'Pregnane steroids', 'Prostaglandins', 'Estrane steroids', 'Aminoglycosides', 'Vitamin D2 and derivatives', 'Daucane sesquiterpenoids', 'Hydroxy fatty acids', 'Simple coumarins', 'Androstane steroids', 'Open-chain polyketides', 'Other Docosanoids', 'Unsaturated fatty acids', 'Polyamines', '3-Spirotetramic acids'}	{'Anthocyanidins', 'Piperidine alkaloids', 'Triacylglycerols', 'Other Octadecanoids', 'Amino fatty acids', 'Flavones', 'Apocarotenoids(ε-)', 'N-acyl amines', 'Dicarboxylic acids', 'Other Eicosanoids', 'Fatty alcohols', 'N-acyl ethanolamines (endocannabinoids)', 'Tetracyclic diterpenoids', 'Aminoacids', 'Macrolide lactones', 'Pregnane steroids', 'Prostaglandins', 'Estrane steroids', 'Aminoglycosides', 'Vitamin D2 and derivatives', 'Daucane sesquiterpenoids', 'Hydroxy fatty acids', 'Simple coumarins', 'Androstane steroids', 'Open-chain polyketides', 'Other Docosanoids', 'Unsaturated fatty acids', 'Polyamines', '3-Spirotetramic acids'}	1.0	1.421487603305785
64	LQ-01-61-45_pos.mzXML	Gymnosporia buxifolia	Gymnosporia buxifolia|Bark	0.4852216748768473	0.41625615763546797	0	0.0	1	Celastraceae	0.0			0.0	1.416256157635468
65	LQ-01-61-71_pos.mzXML	Salacia chinensis	Salacia chinensis|Indeterminated	0.48672566371681414	0.40707964601769914	313	514.0	0	Celastraceae	0.0	{'Cyanogenic glycosides', 'Jasmonic acids', 'Primary amides', 'Lanostane, Tirucallane and Euphane triterpenoids', 'Steroidal alkaloids', 'Caryophyllane sesquiterpenoids', 'Simple indole alkaloids', 'Dicarboxylic acids', 'Aminoacids', 'Isocoumarins', 'Phenylalanine-derived alkaloids', 'Prostaglandins', 'Monoacylglycerols', 'Vitamin D2 and derivatives', 'Imidazole alkaloids', 'Open-chain polyketides', 'Cholane steroids', 'Dipeptides', 'Lactarane sesquiterpenoids', 'Chalcones', 'Cholestane steroids', 'Arteminisin', 'Iridoids monoterpenoids'}	{'Cyanogenic glycosides', 'Jasmonic acids', 'Primary amides', 'Lanostane, Tirucallane and Euphane triterpenoids', 'Steroidal alkaloids', 'Arteminisin', 'Caryophyllane sesquiterpenoids', 'Simple indole alkaloids', 'Dicarboxylic acids', 'Aminoacids', 'Isocoumarins', 'Phenylalanine-derived alkaloids', 'Prostaglandins', 'Monoacylglycerols', 'Vitamin D2 and derivatives', 'Imidazole alkaloids', 'Open-chain polyketides', 'Cholane steroids', 'Dipeptides', 'Chalcones', 'Cholestane steroids', 'Lactarane sesquiterpenoids', 'Iridoids monoterpenoids'}	1.0	1.407079646017699
66	LQ-01-61-34_pos.mzXML	Euonymus myrianthus	Euonymus myrianthus|Roots	0.41875	0.40625	0	0.0	1	Celastraceae	0.0			0.0	1.40625
68	LQ-01-61-36_pos.mzXML	Euonymus myrianthus	Euonymus myrianthus|Leaves	0.40816326530612246	0.3979591836734694	0	0.0	1	Celastraceae	0.0			0.0	1.3979591836734695
70	LQ-01-61-52_pos.mzXML	Gymnosporia senegalensis	Gymnosporia senegalensis|Leaves	0.45161290322580644	0.3951612903225806	43	329.0	0	Celastraceae	0.0	{'Cyanogenic glycosides', 'Neutral glycosphingolipids', 'Purine nucleosides', 'Primary amides', 'Other Octadecanoids', 'Purine nucleotides', 'Fatty aldehydes', 'Flavones', 'Dicarboxylic acids', 'Other Eicosanoids', 'Aminoacids', 'Tetracyclic diterpenoids', 'Prostaglandins', 'Nitro fatty acids', 'Vitamin D2 and derivatives', 'Hydroxy fatty acids', 'Agarofuran sesquiterpenoids', 'Fatty acyl glycosides of mono- and disaccharides', 'Labdane diterpenoids', 'Open-chain polyketides', 'Cinnamic acids and derivatives', 'Cholane steroids', 'Unsaturated fatty acids', 'Limonoids', 'Wax monoesters', 'Flavonols', 'Megastigmanes', 'Cholestane steroids', 'Menthane monoterpenoids', 'Sphingoid bases'}	{'Cyanogenic glycosides', 'Neutral glycosphingolipids', 'Purine nucleosides', 'Primary amides', 'Other Octadecanoids', 'Purine nucleotides', 'Fatty aldehydes', 'Flavones', 'Dicarboxylic acids', 'Other Eicosanoids', 'Aminoacids', 'Tetracyclic diterpenoids', 'Prostaglandins', 'Nitro fatty acids', 'Vitamin D2 and derivatives', 'Hydroxy fatty acids', 'Agarofuran sesquiterpenoids', 'Fatty acyl glycosides of mono- and disaccharides', 'Labdane diterpenoids', 'Open-chain polyketides', 'Cinnamic acids and derivatives', 'Cholane steroids', 'Unsaturated fatty acids', 'Limonoids', 'Wax monoesters', 'Flavonols', 'Megastigmanes', 'Cholestane steroids', 'Menthane monoterpenoids', 'Sphingoid bases'}	1.0	1.3951612903225805
69	LQ-01-61-52_pos.mzXML	Gymnosporia senegalensis	Gymnosporia senegalensis|Leaves	0.45161290322580644	0.3951612903225806	27	329.0	0	Celastraceae	0.0	{'Cyanogenic glycosides', 'Neutral glycosphingolipids', 'Purine nucleosides', 'Primary amides', 'Other Octadecanoids', 'Purine nucleotides', 'Fatty aldehydes', 'Flavones', 'Dicarboxylic acids', 'Other Eicosanoids', 'Aminoacids', 'Tetracyclic diterpenoids', 'Prostaglandins', 'Nitro fatty acids', 'Vitamin D2 and derivatives', 'Hydroxy fatty acids', 'Agarofuran sesquiterpenoids', 'Fatty acyl glycosides of mono- and disaccharides', 'Labdane diterpenoids', 'Open-chain polyketides', 'Cinnamic acids and derivatives', 'Cholane steroids', 'Unsaturated fatty acids', 'Limonoids', 'Wax monoesters', 'Flavonols', 'Megastigmanes', 'Cholestane steroids', 'Menthane monoterpenoids', 'Sphingoid bases'}	{'Cyanogenic glycosides', 'Neutral glycosphingolipids', 'Purine nucleosides', 'Primary amides', 'Other Octadecanoids', 'Purine nucleotides', 'Fatty aldehydes', 'Flavones', 'Dicarboxylic acids', 'Other Eicosanoids', 'Aminoacids', 'Tetracyclic diterpenoids', 'Prostaglandins', 'Nitro fatty acids', 'Vitamin D2 and derivatives', 'Hydroxy fatty acids', 'Agarofuran sesquiterpenoids', 'Fatty acyl glycosides of mono- and disaccharides', 'Labdane diterpenoids', 'Open-chain polyketides', 'Cinnamic acids and derivatives', 'Cholane steroids', 'Unsaturated fatty acids', 'Limonoids', 'Wax monoesters', 'Flavonols', 'Megastigmanes', 'Cholestane steroids', 'Menthane monoterpenoids', 'Sphingoid bases'}	1.0	1.3951612903225805
72	LQ-01-61-21_pos.mzXML	Euonymus cochinchinensis	Euonymus cochinchinensis|Branche	0.46218487394957986	0.3865546218487395	0	0.0	1	Celastraceae	0.0			0.0	1.3865546218487395
73	LQ-01-61-17_pos.mzXML	Euonymus bockii	Euonymus bockii|Roots	0.4	0.3764705882352941	0	0.0	1	Celastraceae	0.0			0.0	1.3764705882352941
75	LQ-01-61-75_pos.mzXML	Tripterygium wilfordii	Tripterygium wilfordii|Stems	0.40816326530612246	0.3673469387755102	1011	1353.0	0	Celastraceae	0.0	{'Cyanogenic glycosides', 'Cyclic peptides', 'Jasmonic acids', 'Prenyl quinone meroterpenoids', 'Azaphilones', 'Primary amides', 'Other Octadecanoids', 'Corynanthe type', 'Proanthocyanins', 'Cyclophytane diterpenoids', 'Straight chain fatty acids', 'Aminoacids', 'Fatty acyl carnitines', 'Dibenzocyclooctadienes lignans', 'Hapalindole alkaloids', 'Prostaglandins', 'Pregnane steroids', 'Monoacylglycerols', 'Aminoglycosides', 'Vitamin D2 and derivatives', 'Hydroxy fatty acids', 'Simple coumarins', 'Androstane steroids', 'Cinnamic acids and derivatives', 'Carotenoids (C40, β-β)', 'Cholane steroids', 'Purine alkaloids', 'Dipeptides', 'Eremophilane sesquiterpenoids', 'Aminosugars', 'Diacylglycerols', 'Quassinoids', 'Dibenzylbutane lignans', 'Cholestane steroids', 'Apocarotenoids (β-)', 'Sphingoid bases', 'Iridoids monoterpenoids'}	{'Cyanogenic glycosides', 'Cyclic peptides', 'Prenyl quinone meroterpenoids', 'Jasmonic acids', 'Azaphilones', 'Primary amides', 'Other Octadecanoids', 'Corynanthe type', 'Proanthocyanins', 'Cyclophytane diterpenoids', 'Straight chain fatty acids', 'Aminoacids', 'Fatty acyl carnitines', 'Dibenzocyclooctadienes lignans', 'Hapalindole alkaloids', 'Prostaglandins', 'Pregnane steroids', 'Monoacylglycerols', 'Aminoglycosides', 'Vitamin D2 and derivatives', 'Hydroxy fatty acids', 'Simple coumarins', 'Androstane steroids', 'Cinnamic acids and derivatives', 'Carotenoids (C40, β-β)', 'Cholane steroids', 'Purine alkaloids', 'Dipeptides', 'Eremophilane sesquiterpenoids', 'Aminosugars', 'Diacylglycerols', 'Quassinoids', 'Dibenzylbutane lignans', 'Cholestane steroids', 'Apocarotenoids (β-)', 'Sphingoid bases', 'Iridoids monoterpenoids'}	1.0	1.3673469387755102
76	LQ-01-61-26_pos.mzXML	Euonymus dielsianus	Euonymus dielsianus|Leaves	0.4230769230769231	0.36538461538461536	0	0.0	1	Celastraceae	0.0			0.0	1.3653846153846154
78	LQ-01-61-24_pos.mzXML	Euonymus dielsianus	Euonymus dielsianus|Roots	0.4	0.35555555555555557	0	0.0	1	Celastraceae	0.0			0.0	1.3555555555555556
79	LQ-01-61-13_pos.mzXML	Evonymopsis sp	Evonymopsis sp|Stems	0.4186046511627907	0.3333333333333333	0	0.0	1	Celastraceae	0.0			0.0	1.3333333333333333
80	LQ-01-61-49_pos.mzXML	Gymnosporia buxifolia	Gymnosporia buxifolia|Stems	0.3333333333333333	0.3333333333333333	0	0.0	1	Celastraceae	0.0			0.0	1.3333333333333333
82	LQ-01-61-30_pos.mzXML	Euonymus alatus	Euonymus alatus|Leaves	0.36619718309859156	0.33098591549295775	92	440.0	0	Celastraceae	0.0	{'Prenyl quinone meroterpenoids', 'Purine nucleosides', 'Primary amides', 'Other Octadecanoids', 'Flavanones', 'Lanostane, Tirucallane and Euphane triterpenoids', 'Dicarboxylic acids', 'Fatty alcohols', 'Fatty acyl carnitines', 'Methyl xanthones', 'Dihydroflavonols', 'Tetraketide meroterpenoids', 'Prostaglandins', 'Pregnane steroids', 'Polyether ionophores', 'Hydroxy fatty acids', 'Fatty acyl glycosides of mono- and disaccharides', 'Simple phenolic acids', 'Open-chain polyketides', 'Erythromycins', 'Cholane steroids', 'Other Docosanoids', 'Unsaturated fatty acids', 'Lupane triterpenoids', 'Diacylglycerols', 'Hydroxy-hydroperoxyeicosatrienoic acids', 'Zearalenones', 'Cholestane steroids', 'Apocarotenoids (β-)', 'Sphingoid bases'}	{'Prenyl quinone meroterpenoids', 'Purine nucleosides', 'Primary amides', 'Other Octadecanoids', 'Flavanones', 'Lanostane, Tirucallane and Euphane triterpenoids', 'Dicarboxylic acids', 'Fatty alcohols', 'Fatty acyl carnitines', 'Methyl xanthones', 'Dihydroflavonols', 'Tetraketide meroterpenoids', 'Prostaglandins', 'Pregnane steroids', 'Polyether ionophores', 'Hydroxy fatty acids', 'Fatty acyl glycosides of mono- and disaccharides', 'Simple phenolic acids', 'Open-chain polyketides', 'Erythromycins', 'Cholane steroids', 'Other Docosanoids', 'Unsaturated fatty acids', 'Lupane triterpenoids', 'Diacylglycerols', 'Hydroxy-hydroperoxyeicosatrienoic acids', 'Zearalenones', 'Cholestane steroids', 'Apocarotenoids (β-)', 'Sphingoid bases'}	1.0	1.3309859154929577
83	LQ-01-61-48_pos.mzXML	Gymnosporia buxifolia	Gymnosporia buxifolia|Leaves	0.43795620437956206	0.3284671532846715	0	0.0	1	Celastraceae	0.0			0.0	1.3284671532846715
85	LQ-01-61-65_pos.mzXML	Salacia chinensis	Salacia chinensis|Leaves	0.3037974683544304	0.27848101265822783	313	514.0	0	Celastraceae	0.0	{'Primary amides', 'Flavanones', 'Lanostane, Tirucallane and Euphane triterpenoids', 'Secoiridoid monoterpenoids', 'Dicarboxylic acids', 'N-acyl ethanolamines (endocannabinoids)', 'Fatty alcohols', 'Aminoacids', 'Abeolupane triterpenoids', 'Tetraketide meroterpenoids', 'Pregnane steroids', 'Monoacylglycerols', 'Vitamin D2 and derivatives', 'Simple coumarins', 'Open-chain polyketides', 'Unsaturated fatty acids', 'Dipeptides', 'Limonoids', 'Quassinoids', 'Cholestane steroids', 'Apocarotenoids (β-)', 'Sphingoid bases'}	{'Primary amides', 'Flavanones', 'Lanostane, Tirucallane and Euphane triterpenoids', 'Secoiridoid monoterpenoids', 'Dicarboxylic acids', 'N-acyl ethanolamines (endocannabinoids)', 'Fatty alcohols', 'Aminoacids', 'Abeolupane triterpenoids', 'Tetraketide meroterpenoids', 'Pregnane steroids', 'Monoacylglycerols', 'Vitamin D2 and derivatives', 'Simple coumarins', 'Open-chain polyketides', 'Unsaturated fatty acids', 'Dipeptides', 'Limonoids', 'Quassinoids', 'Cholestane steroids', 'Apocarotenoids (β-)', 'Sphingoid bases'}	1.0	1.2784810126582278
1	LQ-01-61-78_pos.mzXML	Pristimera indica	Pristimera indica|Roots	0.8416666666666667	0.8138888888888889	2	8.0	1	Celastraceae		{'Cyanogenic glycosides', 'Sorbicilinoids', 'Prenyl quinone meroterpenoids', 'Triacylglycerols', 'Primary amides', 'Amino fatty acids', 'Flavones', 'Lanostane, Tirucallane and Euphane triterpenoids', 'Dicarboxylic acids', 'Antimycins', 'Fatty alcohols', 'Aminoacids', 'Dammarane and Protostane triterpenoids', 'Tetraketide meroterpenoids', 'Phenylalanine-derived alkaloids', 'Monoacylglycerols', 'Pyridine alkaloids', 'Aminoglycosides', 'Drimane sesquiterpenoids', 'Ansa macrolides', 'Vitamin D2 and derivatives', 'Ceramides', 'Hydroxy fatty acids', 'Agarofuran sesquiterpenoids', 'Imidazole alkaloids', 'Simple coumarins', 'Phenylethylamines', 'Trichothecane sesquiterpenoids', 'Fatty acyl glycosides of mono- and disaccharides', 'Simple phenolic acids', 'Cinnamic acids and derivatives', 'Dipeptides', 'Unsaturated fatty acids', 'Oleanane triterpenoids', 'Lupane triterpenoids', 'Diacylglycerols', 'Polyamines', 'Wax monoesters', 'Sphingoid bases', 'Linear polyenes'}	{'Cyanogenic glycosides', 'Sorbicilinoids', 'Prenyl quinone meroterpenoids', 'Triacylglycerols', 'Primary amides', 'Amino fatty acids', 'Flavones', 'Lanostane, Tirucallane and Euphane triterpenoids', 'Dicarboxylic acids', 'Antimycins', 'Fatty alcohols', 'Aminoacids', 'Dammarane and Protostane triterpenoids', 'Tetraketide meroterpenoids', 'Phenylalanine-derived alkaloids', 'Monoacylglycerols', 'Pyridine alkaloids', 'Aminoglycosides', 'Drimane sesquiterpenoids', 'Ansa macrolides', 'Vitamin D2 and derivatives', 'Ceramides', 'Hydroxy fatty acids', 'Agarofuran sesquiterpenoids', 'Imidazole alkaloids', 'Simple coumarins', 'Phenylethylamines', 'Trichothecane sesquiterpenoids', 'Fatty acyl glycosides of mono- and disaccharides', 'Simple phenolic acids', 'Cinnamic acids and derivatives', 'Dipeptides', 'Unsaturated fatty acids', 'Oleanane triterpenoids', 'Lupane triterpenoids', 'Diacylglycerols', 'Polyamines', 'Wax monoesters', 'Sphingoid bases', 'Linear polyenes'}	1.0	
2	LQ-01-61-78_pos.mzXML	Pristimera indica	Pristimera indica|Roots	0.8416666666666667	0.8138888888888889	2	8.0	1	Celastraceae		{'Cyanogenic glycosides', 'Sorbicilinoids', 'Prenyl quinone meroterpenoids', 'Triacylglycerols', 'Primary amides', 'Amino fatty acids', 'Flavones', 'Lanostane, Tirucallane and Euphane triterpenoids', 'Dicarboxylic acids', 'Antimycins', 'Fatty alcohols', 'Aminoacids', 'Dammarane and Protostane triterpenoids', 'Tetraketide meroterpenoids', 'Phenylalanine-derived alkaloids', 'Monoacylglycerols', 'Pyridine alkaloids', 'Aminoglycosides', 'Drimane sesquiterpenoids', 'Ansa macrolides', 'Vitamin D2 and derivatives', 'Ceramides', 'Hydroxy fatty acids', 'Agarofuran sesquiterpenoids', 'Imidazole alkaloids', 'Simple coumarins', 'Phenylethylamines', 'Trichothecane sesquiterpenoids', 'Fatty acyl glycosides of mono- and disaccharides', 'Simple phenolic acids', 'Cinnamic acids and derivatives', 'Dipeptides', 'Unsaturated fatty acids', 'Oleanane triterpenoids', 'Lupane triterpenoids', 'Diacylglycerols', 'Polyamines', 'Wax monoesters', 'Sphingoid bases', 'Linear polyenes'}	{'Cyanogenic glycosides', 'Sorbicilinoids', 'Prenyl quinone meroterpenoids', 'Triacylglycerols', 'Primary amides', 'Amino fatty acids', 'Flavones', 'Lanostane, Tirucallane and Euphane triterpenoids', 'Dicarboxylic acids', 'Antimycins', 'Fatty alcohols', 'Aminoacids', 'Dammarane and Protostane triterpenoids', 'Tetraketide meroterpenoids', 'Phenylalanine-derived alkaloids', 'Monoacylglycerols', 'Pyridine alkaloids', 'Aminoglycosides', 'Drimane sesquiterpenoids', 'Ansa macrolides', 'Vitamin D2 and derivatives', 'Ceramides', 'Hydroxy fatty acids', 'Agarofuran sesquiterpenoids', 'Imidazole alkaloids', 'Simple coumarins', 'Phenylethylamines', 'Trichothecane sesquiterpenoids', 'Fatty acyl glycosides of mono- and disaccharides', 'Simple phenolic acids', 'Cinnamic acids and derivatives', 'Dipeptides', 'Unsaturated fatty acids', 'Oleanane triterpenoids', 'Lupane triterpenoids', 'Diacylglycerols', 'Polyamines', 'Wax monoesters', 'Sphingoid bases', 'Linear polyenes'}	1.0	
