	annotation network number	LQ-01-61-72_pos.mzXML	retention time (min)	row m/z	row ID	adduct (ion identity)	neutral mass (ion identity)	annotation	status
6	7.0	0.00026727347079957646	0.34	188.0931	{593, 227, 588, 1101}	{'[2M-H2O+2H]2+', '[M+NH4]+', '[M+ACN+H]+'}	146.0627	non anotated	not interesting
9	10.0	0.00147675216527063	0.37	305.0208	{385, 5668}	{'[M+NH4]+', '[2M+ACN+H]+'}	131.4929	non anotated	not interesting
10	13.0	0.0012208211475227334	0.37	180.9469	{64, 915, 239}	{'[M+HFA+H]+', '[M+HFA+Na]+', '[2M+K]+'}	70.9928	non anotated	not interesting
11	14.0	0.0009085422743966357	0.37	221.9731	{2304, 386}	{'[2M-H2O+NH4]+', '[M+K]+'}	110.9775	non anotated	not interesting
7929	3354x	0.0005267195519565417	0.37	255.963	{3354}	{nan}	0.0	non anotated	not interesting
9213	49x	0.00011507218144187319	0.37	111.0203	{49}	{nan}	0.0	non anotated	not interesting
6903	2051x	0.00017789463262573847	0.38	215.9578	{2051}	{nan}	0.0	non anotated	not interesting
7380	263x	0.0004671693344473714	0.38	141.9834	{263}	{nan}	0.0	non anotated	not interesting
7705	3045x	0.0003965245818417864	0.38	247.0051	{3045}	{nan}	0.0	non anotated	not interesting
8782	447x	0.0004681550149178466	0.38	153.9595	{447}	{nan}	0.0	non anotated	not interesting
11688	808x	0.0003449258605230711	0.38	176.9751	{808}	{nan}	0.0	non anotated	not interesting
8800	449x	0.00016166443576634575	0.38	153.9934	{449}	{nan}	0.0	non anotated	not interesting
6820	1965x	0.0005468730681664319	0.38	213.9627	{1965}	{nan}	0.0	non anotated	not interesting
19	24.0	0.0006266413490959884	0.38	322.9864	{6766, 503}	{'[M+NH4]+', '[2M+ACN+H]+'}	140.4776	non anotated	not interesting
18	23.0	0.0004381352199956273	0.38	158.017	{499, 343}	{'[2M+Na]+', '[M+ACN+K]+'}	67.5153	non anotated	not interesting
16	21.0	0.0004095443179170045	0.38	147.984	{347, 220}	{'[2M+H]+', '[M+ACN+Na]+'}	73.4878	non anotated	not interesting
15	19.0	0.00018166390048108088	0.38	189.0345	{150, 1111}	{'[2M-CO2+NH4]+', '[M+Na]+'}	107.4968	non anotated	not interesting
14	18.0	0.0005957442492665954	0.38	260.9557	{3496, 2977}	{'[M+K]+', '[M+Na]+'}	221.9921	non anotated	not interesting
13	16.0	0.001234347905330511	0.38	136.5	{202}	{'[M+NH4]+'}	118.4668	non anotated	not interesting
12	15.0	0.00023227784445901503	0.38	274.9992	{4033}	{'[2M+HFA+K]+'}	95.0163	non anotated	not interesting
7198	241x	0.001445230341708011	0.39	140.0102	{241}	{nan}	0.0	non anotated	not interesting
6632	172x	0.00013813626625219392	0.39	134.5165	{172}	{nan}	0.0	non anotated	not interesting
10402	645x	0.00042945012276992547	0.4	166.4892	{645}	{nan}	0.0	non anotated	not interesting
6996	2160x	0.0015253259038525598	0.4	219.0101	{2160}	{nan}	0.0	non anotated	not interesting
7154	2369x	0.00035188946268987896	0.41	223.962	{2369}	{nan}	0.0	non anotated	not interesting
7175	238x	0.00011234127662249993	0.42	139.5145	{238}	{nan}	0.0	non anotated	not interesting
9447	529x	0.0013992863042944302	0.43	161.0262	{529}	{nan}	0.0	non anotated	not interesting
3435	1153x	0.00038135392139230416	0.43	190.4984	{1153}	{nan}	0.0	non anotated	not interesting
7043	222x	4.959835987980712e-05	0.45	138.0584	{222}	{nan}	0.0	non anotated	not interesting
7704	3044x	6.438713223324557e-05	0.5	247.0051	{3044}	{nan}	0.0	non anotated	not interesting
7051	223x	0.0006416755366139056	0.61	138.0585	{223}	{nan}	0.0	non anotated	not interesting
3870	1215x	7.406115942547923e-05	0.76	192.0654	{1215}	{nan}	0.0	non anotated	not interesting
7999	345x	0.00023238307677681246	0.83	147.5066	{345}	{nan}	0.0	non anotated	not interesting
9608	54x	0.00030218061404134195	0.92	113.0597	{54}	{nan}	0.0	non anotated	not interesting
29	40.0	0.00035346148388157767	0.94	199.0579	{1433, 510}	{'[M-H2O+H]+', '[M+Na]+'}	176.0684	non anotated	not interesting
32	44.0	0.0002497807635586125	1.0	187.0967	{1079}	{'[M-H2O+H]+'}	204.1003	non anotated	not interesting
13030	978x	7.651835396802698e-05	1.05	183.0654	{978}	{nan}	0.0	non anotated	not interesting
39	55.0	0.0006728974384787381	1.07	465.1351	{2444, 11918}	{'[2M+HFA+H]+', '[M+NH4]+'}	209.0586	non anotated	not interesting
6747	1873x	0.00015071786046675688	1.16	211.0939	{1873}	{nan}	0.0	non anotated	not interesting
10676	678x	0.0002157039093546471	1.18	169.0496	{678}	{nan}	0.0	non anotated	not interesting
6923	2071x	0.00016799020996514924	1.22	217.1069	{2071}	{nan}	0.0	non anotated	not interesting
13008	975x	0.00021549924717976718	1.22	183.0635	{975}	{nan}	0.0	non anotated	not interesting
7220	2443x	7.976226006492855e-05	1.24	227.0892	{2443}	{nan}	0.0	non anotated	not interesting
7557	2860x	0.0002283483005969979	1.26	241.1051	{2860}	{nan}	0.0	non anotated	not interesting
6748	1875x	0.00019382867673054573	1.28	211.0942	{1875}	{nan}	0.0	non anotated	not interesting
10755	687x	0.00012158193142331308	1.29	169.0859	{687}	{nan}	0.0	non anotated	not interesting
8707	4390x	0.00011073171652040819	1.29	283.1155	{4390}	{nan}	0.0	non anotated	not interesting
78	125.0	0.00012818986281784646	1.33	227.0911	{365, 2445}	{'[M+HFA+H]+', '[2M+Na]+'}	102.049	non anotated	not interesting
5843	1508x	6.160461915951796e-05	1.34	201.1118	{1508}	{nan}	0.0	non anotated	not interesting
5296	142x	0.0004496963130726172	1.37	127.0753	{142}	{nan}	0.0	non anotated	not interesting
8705	4389x	0.000712643763123027	1.4	283.1154	{4389}	{nan}	0.0	non anotated	not interesting
89	143.0	0.0005321371200458903	1.41	209.0789	{688, 1601, 1076, 1785}	{'[M+H]+', '[M+Na]+', '[M-H2O+H]+', '[M+NH4]+'}	186.0894	non anotated	not interesting
90	147.0	0.00029488167332599564	1.42	244.058	{2953, 2307}	{'[M+H]+', '[M+Na]+'}	221.0687	non anotated	not interesting
7559	2862x	0.0001164066293501305	1.42	241.1063	{2862}	{nan}	0.0	non anotated	not interesting
7234	246x	0.0001628091172368687	1.43	141.0909	{246}	{nan}	0.0	non anotated	not interesting
2463	1027x	0.00031976124361429817	1.44	185.0808	{1027}	{nan}	0.0	non anotated	not interesting
97	157.0	0.00019486240606187482	1.46	277.1051	{4125, 3317}	{'[M+H]+', '[M+Na]+'}	254.1149	non anotated	not interesting
100	163.0	0.00011479167408110751	1.49	205.0837	{617, 1618, 988}	{'[M+H]+', '[M-H2O+H]+', '[M+Na]+'}	182.0943	non anotated	not interesting
8218	3761x	8.254933600959475e-05	1.49	269.0996	{3761}	{nan}	0.0	non anotated	not interesting
9777	5686x	8.397624255814486e-05	1.5	305.1594	{5686}	{nan}	0.0	non anotated	not interesting
11491	7828x	0.00015979408663514458	1.5	345.1523	{7828}	{nan}	0.0	non anotated	not interesting
8125	3642x	0.00020526423182864027	1.52	265.1046	{3642}	{nan}	0.0	non anotated	not interesting
11104	7321x	0.0002551081072206699	1.53	333.1546	{7321}	{nan}	0.0	non anotated	not interesting
7954	3381x	0.00044376496453502377	1.54	257.1374	{3381}	{nan}	0.0	non anotated	not interesting
107	175.0	0.001196491896067035	1.54	271.1153	{3681, 3115, 3868, 1943}	{'[M+H]+', '[M+NH4]+', '[M+Na]+', '[M-2H2O+H]+'}	248.1261	non anotated	not interesting
12072	8598x	0.00017784521431332229	1.55	368.1918	{8598}	{nan}	0.0	non anotated	not interesting
115	184.0	0.0002035510892437153	1.57	194.1152	{1293, 727}	{'[M+H]+', '[M+Na]+'}	171.1259	non anotated	not interesting
117	187.0	0.0017996677221550437	1.58	197.0793	{1378, 483}	{'[M-H2O+H]+', '[M+Na]+'}	174.0895	annotated	specific annotated
12172	8726x	0.00032994810385401907	1.58	373.1467	{8726}	{nan}	0.0	non anotated	not interesting
12079	8607x	0.0004209542105553249	1.58	369.0715	{8607}	{nan}	0.0	non anotated	not interesting
11739	8164x	0.00036595364169377865	1.58	355.0824	{8164}	{nan}	0.0	non anotated	not interesting
8846	454x	0.00024169919898376998	1.58	155.0379	{454}	{nan}	0.0	non anotated	not interesting
6634	1731x	0.00016794942155869965	1.58	207.138	{1731}	{nan}	0.0	non anotated	not interesting
9066	4818x	0.0008585757681588764	1.58	291.0574	{4818}	{nan}	0.0	non anotated	not interesting
9435	5281x	0.0001451625355850035	1.6	299.1485	{5281}	{nan}	0.0	non anotated	not interesting
119	189.0	0.00029737016160758716	1.6	277.068	{649, 4121}	{'[2M-CO2+Na]+', '[M+NH4]+'}	149.0354	non anotated	not interesting
3879	1216x	0.0009679796006940334	1.61	192.0655	{1216}	{nan}	0.0	non anotated	not interesting
9332	5152x	8.397400244233479e-05	1.61	297.1328	{5152}	{nan}	0.0	non anotated	not interesting
8219	3762x	0.00017124097512547981	1.62	269.0996	{3762}	{nan}	0.0	non anotated	not interesting
10834	6983x	0.0002798006617799798	1.62	327.1418	{6983}	{nan}	0.0	non anotated	not interesting
4894	136x	0.0001650727763984812	1.63	125.0961	{136}	{nan}	0.0	non anotated	not interesting
129	206.0	0.0007553617976577615	1.63	277.105	{3931, 4124, 3318}	{'[M+H]+', '[M+Na]+', '[M+NH4]+'}	254.115	non anotated	not interesting
7493	278x	0.00027239390331673115	1.63	143.1067	{278}	{nan}	0.0	non anotated	not interesting
136	218.0	0.00010966972454217887	1.65	207.0997	{1706, 1043, 661, 1543}	{'[M+H]+', '[M+Na]+', '[M-H2O+H]+', '[M+NH4]+'}	184.1101	non anotated	not interesting
4504	1312x	0.00020593402350444845	1.67	195.1016	{1312}	{nan}	0.0	non anotated	not interesting
9162	4933x	0.00017020170600841225	1.67	293.1594	{4933}	{nan}	0.0	non anotated	not interesting
140	226.0	0.00025115656064012297	1.67	253.1047	{3099, 3260, 1941}	{'[M+Na]+', '[M-H2O+H]+', '[M+NH4]+'}	230.1154	annotated	not interesting
141	228.0	0.00033039969821515154	1.67	333.1543	{7320, 5993}	{'[M-H2O+NH4]+', '[M+Na]+'}	310.1635	non anotated	not interesting
142	229.0	0.00028127779532570495	1.67	315.1422	{4048, 6269}	{'[M-H2O+H]+', '[M+Na]+'}	292.1524	non anotated	not interesting
7335	2581x	0.000461393170744157	1.67	231.1227	{2581}	{nan}	0.0	non anotated	not interesting
11871	8327x	0.00030750698374000366	1.7	359.1681	{8327}	{nan}	0.0	non anotated	not interesting
6754	1883x	0.00026916095283232894	1.7	211.132	{1883}	{nan}	0.0	non anotated	not interesting
7280	251x	0.00020768783643965383	1.7	141.091	{251}	{nan}	0.0	non anotated	not interesting
10516	6585x	0.0001974075052279895	1.7	319.1754	{6585}	{nan}	0.0	non anotated	not interesting
8982	472x	0.0003383004007388196	1.73	155.1069	{472}	{nan}	0.0	non anotated	not interesting
8411	39x	0.000208208788800176	1.73	109.1013	{39}	{nan}	0.0	non anotated	not interesting
7616	2927x	0.00020871303621276008	1.73	243.1227	{2927}	{nan}	0.0	non anotated	not interesting
11222	748x	0.00017518881769371892	1.74	173.1174	{748}	{nan}	0.0	non anotated	not interesting
11147	7386x	0.00030835347598702294	1.74	335.0838	{7386}	{nan}	0.0	non anotated	not interesting
158	254.0	0.0009469883874217276	1.74	241.1048	{2736, 2859, 2180, 1510}	{'[M+H]+', '[M+Na]+', '[M-H2O+H]+', '[M+NH4]+'}	218.1155	non anotated	not interesting
9121	4891x	0.00031613880811936585	1.75	292.1755	{4891}	{nan}	0.0	non anotated	not interesting
7518	2817x	0.0002748710788659116	1.75	239.1277	{2817}	{nan}	0.0	non anotated	not interesting
11800	8243x	0.00015703371204454133	1.76	357.1525	{8243}	{nan}	0.0	non anotated	not interesting
6612	1708x	5.415317643623697e-05	1.77	207.1008	{1708}	{nan}	0.0	non anotated	not interesting
11733	8157x	0.00025205098369182686	1.78	354.2125	{8157}	{nan}	0.0	non anotated	not interesting
168	275.0	0.00023356691452724613	1.78	235.0731	{2688, 1986, 1395, 534, 888, 2168}	{'[M+H]+', '[M-H2O+H]+', '[M+K]+', '[M+Na]+', '[M-2H2O+H]+', '[M+NH4]+'}	196.1099	annotated	not interesting
7047	2235x	0.00013620882810898448	1.79	220.1543	{2235}	{nan}	0.0	non anotated	not interesting
10543	662x	0.00031516508083601937	1.81	167.1068	{662}	{nan}	0.0	non anotated	not interesting
173	287.0	0.000681202689980123	1.81	225.1113	{2396, 1037, 1039}	{'[M-H2O+H]+', '[M+Na]+'}	202.1203	non anotated	not interesting
7124	2330x	8.115871697604448e-05	1.82	223.0942	{2330}	{nan}	0.0	non anotated	not interesting
175	291.0	0.00014906179213681906	1.82	321.1311	{6355, 4308, 6679}	{'[M+Na]+', '[M-H2O+H]+', '[M+NH4]+'}	298.1415	non anotated	not interesting
176	292.0	0.00022430046445346853	1.82	253.1055	{3262, 3100, 1310}	{'[M+NH4]+', '[M+Na]+', '[M-2H2O+H]+'}	230.1157	annotated	not interesting
174	289.0	0.01681824791936701	1.82	285.1321	{3587, 4268, 4269, 2960, 4497, 4498, 2998, 2999, 2462, 2463}	{'[M+H]+', '[M-H2O+H]+', '[M-2H2O+NH4]+', '[M-2H2O+H]+', '[M+Na]+', '[M+NH4]+'}	262.1418	annotated	not interesting
178	295.0	0.001320879712734168	1.83	283.1151	{2928, 4194, 4388, 3510}	{'[M+H]+', '[2M-2H2O+2H]2+', '[M+Na]+', '[M+NH4]+'}	260.126	non anotated	not interesting
6575	166x	9.722297408404635e-05	1.85	133.1012	{166}	{nan}	0.0	annotated	not interesting
12286	8863x	0.0007999100569831993	1.86	379.1098	{8863}	{nan}	0.0	non anotated	not interesting
11989	8494x	0.0004899011088498929	1.86	365.1207	{8494}	{nan}	0.0	non anotated	not interesting
7956	3383x	0.0002995928228130498	1.86	257.1382	{3383}	{nan}	0.0	non anotated	not interesting
8682	4364x	0.0006508637597185843	1.86	282.1225	{4364}	{nan}	0.0	non anotated	not interesting
9399	523x	0.00046466409399537403	1.86	160.0568	{523}	{nan}	0.0	non anotated	not interesting
3390	1147x	0.0003922976987606836	1.86	190.0585	{1147}	{nan}	0.0	non anotated	not interesting
9916	5857x	0.000491392925631659	1.86	308.2069	{5857}	{nan}	0.0	non anotated	not interesting
11030	722x	0.0004043948553878499	1.86	171.5648	{722}	{nan}	0.0	non anotated	not interesting
9527	5395x	0.0008790611697743568	1.86	301.095	{5395}	{nan}	0.0	non anotated	not interesting
184	304.0	8.857012980376282e-05	1.87	227.164	{2469, 1831}	{'[M-H2O+H]+', '[M-2H2O+H]+'}	244.1676	non anotated	not interesting
10826	696x	7.621160272085396e-05	1.87	169.1222	{696}	{nan}	0.0	non anotated	not interesting
7378	2634x	0.0005094566410488748	1.89	233.1384	{2634}	{nan}	0.0	non anotated	not interesting
6890	2035x	0.0005805867815940184	1.9	215.1278	{2035}	{nan}	0.0	non anotated	not interesting
189	312.0	0.00024152854879122912	1.9	307.1517	{3704, 5492, 5797}	{'[M+Na]+', '[M-H2O+H]+', '[M+NH4]+'}	284.1618	non anotated	not interesting
191	315.0	0.0002746165940362361	1.9	291.1204	{4561, 3771, 4825}	{'[M+H]+', '[M+Na]+', '[M+NH4]+'}	268.1306	non anotated	not interesting
197	326.0	0.0040173174432362475	1.91	357.133	{7648, 7458, 5411, 8237, 6584}	{'[M+H]+', '[M-H2O+H]+', '[M+K]+', '[M+Na]+', '[M+NH4]+'}	318.1683	non anotated	specific non annotated
195	322.0	0.00041348343908574587	1.91	219.1003	{889, 2170, 1397}	{'[M+H]+', '[M-H2O+H]+', '[M+Na]+'}	196.1103	annotated	not interesting
6973	2135x	0.0001548303205572921	1.92	218.0717	{2135}	{nan}	0.0	non anotated	not interesting
7953	3380x	0.0003197752922984298	1.93	257.137	{3380}	{nan}	0.0	non anotated	not interesting
200	332.0	0.0001604822714621101	1.94	195.0995	{464, 1307}	{'[M-H2O+H]+', '[M+Na]+'}	172.1101	non anotated	not interesting
199	330.0	0.0005040048071564236	1.94	355.1727	{8171, 7988}	{'[M+Na]+', '[M+NH4]+'}	332.1835	annotated	not interesting
8207	3747x	0.0005512721951983594	1.95	268.0856	{3747}	{nan}	0.0	non anotated	not interesting
12735	9426x	0.0022582155916518977	1.95	401.1748	{9426}	{nan}	0.0	non anotated	specific non annotated
4752	134x	0.004498532982635761	1.95	125.0961	{134}	{nan}	0.0	non anotated	specific non annotated
9769	5672x	0.0017429368335359575	1.95	305.073	{5672}	{nan}	0.0	non anotated	specific non annotated
202	339.0	0.0006654578928659057	1.95	383.0869	{2441, 8954}	{'[M+HFA+H]+', '[2M+Na]+'}	180.0474	non anotated	not interesting
9599	5487x	0.0006938202382010079	1.95	302.1379	{5487}	{nan}	0.0	non anotated	not interesting
7460	274x	0.0016087993776516395	1.95	143.1067	{274}	{nan}	0.0	non anotated	specific non annotated
9067	4819x	0.000922229618108532	1.95	291.0839	{4819}	{nan}	0.0	non anotated	not interesting
201	336.0	0.02174619280408793	1.95	415.1637	{711, 431, 9937, 1874, 1687, 1115}	{'[M+H]+', '[M-H2O+H]+', '[2M+K]+', '[M+Na]+', '[M-2H2O+H]+', '[M+NH4]+'}	188.1041	annotated	not interesting
6663	1769x	0.0024104553673207517	1.95	208.0856	{1769}	{nan}	0.0	non anotated	specific non annotated
5774	14976x	0.0012390568707784356	1.95	603.2683	{14976}	{nan}	0.0	non anotated	not interesting
7893	3306x	0.000980570468220685	1.95	254.0965	{3306}	{nan}	0.0	non anotated	not interesting
204	341.0	0.0003932154969338839	1.97	323.147	{6534, 6791, 3655, 4402, 4403}	{'[M+NH4]+', '[M+Na]+', '[M-H2O+H]+', '[M-2H2O+H]+'}	300.157	annotated	not interesting
11172	742x	0.00011877183747706218	1.98	173.1171	{742}	{nan}	0.0	non anotated	not interesting
7102	2308x	0.001020354039586348	1.98	222.076	{2308}	{nan}	0.0	non anotated	not interesting
3512	1163x	0.0006723688124672197	1.99	191.1066	{1163}	{nan}	0.0	non anotated	not interesting
7125	2332x	5.976435664303076e-05	1.99	223.096	{2332}	{nan}	0.0	non anotated	not interesting
207	346.0	0.002009777156250835	1.99	209.1171	{1811, 1493}	{'[M+HFA+H]+', '[M+K]+'}	162.105	non anotated	specific non annotated
12810	951x	0.0006883404249964624	2.0	181.1222	{951}	{nan}	0.0	non anotated	not interesting
9054	4807x	0.0007352054776138535	2.0	290.1961	{4807}	{nan}	0.0	non anotated	not interesting
3518	11651x	0.0008608677106272187	2.01	457.2405	{11651}	{nan}	0.0	non anotated	not interesting
11914	8390x	0.00042853161625971015	2.01	361.0991	{8390}	{nan}	0.0	non anotated	not interesting
7123	232x	0.00013996755649982388	2.01	139.1117	{232}	{nan}	0.0	non anotated	not interesting
209	349.0	0.00012101155779897045	2.01	179.1065	{890}	{'[M-H2O+NH4]+'}	179.0822	non anotated	not interesting
211	352.0	0.009205018070445874	2.02	267.1207	{3698, 2460, 2997, 3558}	{'[M+H]+', '[M+Na]+', '[M-H2O+H]+', '[M+NH4]+'}	244.1311	non anotated	specific non annotated
2995	10957x	0.0018668461095213442	2.02	441.2454	{10957}	{nan}	0.0	non anotated	specific non annotated
8223	3767x	0.0010615545210944368	2.02	269.136	{3767}	{nan}	0.0	non anotated	not interesting
11413	7734x	0.0003717002913546995	2.03	343.1734	{7734}	{nan}	0.0	non anotated	not interesting
7260	249x	0.00016057766970101528	2.03	141.0909	{249}	{nan}	0.0	non anotated	not interesting
8394	3978x	0.0005731772222481561	2.03	273.1331	{3978}	{nan}	0.0	non anotated	not interesting
10159	6152x	0.00029396101229069285	2.03	313.1258	{6152}	{nan}	0.0	non anotated	not interesting
6802	1942x	0.00040293087034796646	2.04	213.1121	{1942}	{nan}	0.0	non anotated	not interesting
9914	5855x	0.0002816856498761585	2.04	308.1704	{5855}	{nan}	0.0	non anotated	not interesting
214	358.0	0.0011549160549690581	2.04	341.1578	{5409, 7649}	{'[M-H2O+H]+', '[M+Na]+'}	318.1682	non anotated	not interesting
213	356.0	0.0008979840094486936	2.04	229.1428	{1738, 2533}	{'[M+H]+', '[M+Na]+'}	206.1527	non anotated	not interesting
215	359.0	0.00028119199800475785	2.05	185.1173	{1042}	{'[M+NH4]+'}	167.0857	non anotated	not interesting
10522	659x	0.0002714558467049006	2.05	167.1067	{659}	{nan}	0.0	non anotated	not interesting
7955	3382x	0.0006572879632484365	2.06	257.1379	{3382}	{nan}	0.0	non anotated	not interesting
7515	2813x	0.0001791103927643168	2.06	239.1269	{2813}	{nan}	0.0	non anotated	not interesting
224	372.0	0.00026248741467318137	2.08	249.1465	{1825, 3119}	{'[M-H2O+H]+', '[M+Na]+'}	226.1569	non anotated	not interesting
7998	3451x	0.0006626337236728851	2.08	259.1538	{3451}	{nan}	0.0	non anotated	not interesting
225	373.0	0.0005732722574643411	2.09	265.1048	{2930, 3644, 3484, 1710}	{'[M+H]+', '[M+NH4]+', '[M+Na]+', '[M-2H2O+H]+'}	242.1153	non anotated	not interesting
7181	2398x	0.0010182333375913927	2.09	225.1117	{2398}	{nan}	0.0	non anotated	not interesting
6810	1955x	0.00016172436107781841	2.09	213.1485	{1955}	{nan}	0.0	non anotated	not interesting
12260	8829x	0.0005662302069731172	2.1	377.2164	{8829}	{nan}	0.0	non anotated	not interesting
7861	3263x	0.00025455634219999335	2.11	253.1429	{3263}	{nan}	0.0	non anotated	not interesting
11926	8403x	0.0010298337728867595	2.11	361.2217	{8403}	{nan}	0.0	non anotated	not interesting
226	378.0	0.0008711341112109207	2.12	263.126	{3573, 3429, 2879}	{'[M+H]+', '[M+Na]+', '[M+NH4]+'}	240.1364	non anotated	not interesting
3522	1165x	0.00030840919849887304	2.13	191.1272	{1165}	{nan}	0.0	non anotated	not interesting
4001	1234x	0.0001827250217950625	2.13	193.0546	{1234}	{nan}	0.0	non anotated	not interesting
227	379.0	0.00016112733922468903	2.13	293.1726	{434, 4938}	{'[2M+Na]+', '[M+NH4]+'}	135.0925	non anotated	not interesting
10851	7006x	0.0006197397264179968	2.13	327.2166	{7006}	{nan}	0.0	non anotated	not interesting
7332	2579x	0.00024783688019103717	2.14	231.0992	{2579}	{nan}	0.0	non anotated	not interesting
229	383.0	0.002010956980091517	2.14	383.2033	{6899, 8972, 8853}	{'[M+NH4]+', '[M+Na]+', '[M-2H2O+H]+'}	360.2141	non anotated	specific non annotated
11945	8430x	0.0020030200638379548	2.15	362.2535	{8430}	{nan}	0.0	non anotated	specific non annotated
234	390.0	0.002738395483307334	2.15	267.1206	{3557, 1808, 3697, 2996, 2458}	{'[M+H]+', '[M-H2O+H]+', '[M+Na]+', '[M-2H2O+H]+', '[M+NH4]+'}	244.131	annotated	specific annotated
12037	8562x	0.0013066952640079222	2.15	367.2097	{8562}	{nan}	0.0	non anotated	not interesting
8176	3705x	0.00027554210718009194	2.15	267.1578	{3705}	{nan}	0.0	non anotated	not interesting
7516	2814x	0.0002002128149479846	2.16	239.1274	{2814}	{nan}	0.0	non anotated	not interesting
8224	3768x	0.00048551000963746913	2.16	269.1361	{3768}	{nan}	0.0	non anotated	not interesting
233	389.0	0.000530352642020742	2.16	281.1371	{4306, 4103}	{'[M+Na]+', '[M+NH4]+'}	258.147	non anotated	not interesting
12785	948x	0.0008054434676885499	2.16	181.1222	{948}	{nan}	0.0	non anotated	not interesting
236	395.0	0.0010814623919303181	2.16	195.0996	{743, 1308, 1150, 463}	{'[M+H]+', '[M+Na]+', '[M-H2O+H]+', '[M+NH4]+'}	172.11	non anotated	not interesting
239	405.0	0.001029214037026681	2.16	297.1319	{3192, 2537, 1891, 5151}	{'[M+HFA+Na]+', '[M+H]+', '[2M-2H2O+2H]2+', '[M+Na]+'}	228.1365	non anotated	not interesting
7887	32x	0.000410524685859867	2.16	109.1012	{32}	{nan}	0.0	non anotated	not interesting
9977	5926x	0.0025500385181767243	2.16	309.2058	{5926}	{nan}	0.0	non anotated	specific non annotated
244	413.0	0.0017652233590964399	2.17	299.1466	{3448, 5002, 4139, 5278}	{'[M+H]+', '[M+Na]+', '[M-H2O+H]+', '[M+NH4]+'}	276.157	non anotated	specific non annotated
7622	2938x	0.000595923517559486	2.17	243.1589	{2938}	{nan}	0.0	non anotated	not interesting
13070	983x	0.00035152227848970574	2.18	183.1015	{983}	{nan}	0.0	non anotated	not interesting
3494	1161x	0.0011880618001667489	2.18	191.1056	{1161}	{nan}	0.0	non anotated	not interesting
247	420.0	0.0014248075098621928	2.18	305.1362	{5683, 5350, 4399}	{'[M+H]+', '[M+Na]+', '[M+NH4]+'}	282.1467	annotated	not interesting
7811	3199x	0.0003203236484472215	2.19	251.1625	{3199}	{nan}	0.0	non anotated	not interesting
13136	991x	9.167844839036814e-05	2.2	183.1376	{991}	{nan}	0.0	non anotated	not interesting
251	428.0	0.0011921465436201663	2.21	401.1777	{8400, 9427}	{'[M-H2O+H]+', '[M+Na]+'}	378.1886	non anotated	not interesting
12627	9295x	0.00018396943121449513	2.21	396.2225	{9295}	{nan}	0.0	non anotated	not interesting
9913	5854x	0.00013896937092962883	2.22	308.1699	{5854}	{nan}	0.0	non anotated	not interesting
7471	275x	0.00028899955421094766	2.22	143.1067	{275}	{nan}	0.0	non anotated	not interesting
8393	3977x	0.00042686897220114934	2.22	273.1326	{3977}	{nan}	0.0	non anotated	not interesting
4554	131x	0.00011880792134517019	2.24	125.096	{131}	{nan}	0.0	non anotated	not interesting
258	437.0	0.00023737669040563633	2.25	327.0839	{5675, 6974, 4591}	{'[M+H]+', '[M-H2O+H]+', '[M+Na]+'}	304.094	non anotated	not interesting
262	444.0	0.0004093748482861553	2.27	191.1043	{1160, 401, 695}	{'[2M-2H2O+2H]2+', '[2M+2H]2+', '[M+Na]+'}	168.115	non anotated	not interesting
261	442.0	0.00137743823934626	2.27	323.1466	{5408, 6786, 6528}	{'[M+H]+', '[M+Na]+', '[M+NH4]+'}	300.157	non anotated	not interesting
263	445.0	0.00021491774381007572	2.28	346.2215	{993, 7867}	{'[M+ACN+2H]2+', '[M+Na]+'}	323.2333	non anotated	not interesting
6757	1890x	0.0008243449982243507	2.29	211.1327	{1890}	{nan}	0.0	non anotated	not interesting
6616	1713x	4.725131764590708e-05	2.29	207.1015	{1713}	{nan}	0.0	non anotated	not interesting
10508	6575x	0.00036550107336925046	2.3	319.0883	{6575}	{nan}	0.0	non anotated	not interesting
2994	10956x	0.001957783182877726	2.3	441.2453	{10956}	{nan}	0.0	non anotated	specific non annotated
268	451.0	0.0012722860226596477	2.3	247.1311	{2408, 233, 3059}	{'[2M-H2O+H]+', '[2M-H2O+Na]+', '[M+NH4]+'}	121.0766	non anotated	not interesting
271	456.0	0.00037453983736375506	2.3	305.1363	{3656, 5684, 5351}	{'[M+Na]+', '[M-H2O+H]+', '[M+NH4]+'}	282.1463	non anotated	not interesting
2569	1040x	0.0032615472302612285	2.31	185.1173	{1040}	{nan}	0.0	non anotated	specific non annotated
8208	3748x	0.0004185671443286706	2.31	268.1119	{3748}	{nan}	0.0	non anotated	not interesting
273	458.0	0.0005524133261295945	2.31	309.1315	{5907, 5636}	{'[M+Na]+', '[M+NH4]+'}	286.1417	non anotated	not interesting
8342	391x	0.0002816661706082449	2.31	150.5592	{391}	{nan}	0.0	non anotated	not interesting
9085	4842x	5.308769294680434e-05	2.31	291.1578	{4842}	{nan}	0.0	annotated	not interesting
274	459.0	0.0014750669134556726	2.32	225.111	{657, 2395, 1555}	{'[M+H]+', '[M+Na]+', '[M-2H2O+H]+'}	202.1209	non anotated	not interesting
5436	1449x	7.300381886031536e-05	2.32	199.1327	{1449}	{nan}	0.0	non anotated	not interesting
7517	2816x	0.0006149535817494749	2.32	239.1276	{2816}	{nan}	0.0	non anotated	not interesting
277	462.0	0.0004951136428874287	2.32	181.1223	{954, 83}	{'[2M+Na]+', '[M+ACN+H]+'}	79.0669	non anotated	not interesting
281	468.0	0.0017635168571710311	2.34	227.1274	{697, 2457, 1086}	{'[M+Na]+', '[2M-2H2O+2H]2+', '[M-2H2O+H]+'}	204.1368	non anotated	specific non annotated
284	472.0	0.0055406262984103866	2.34	287.1486	{4602}	{'[M-H2O+H]+'}	304.1519	non anotated	specific non annotated
278	463.0	0.0016197716655848746	2.34	439.2294	{10828}	{'[2M-CO2+K]+'}	222.1265	non anotated	specific non annotated
12654	932x	0.0003771077656415838	2.35	181.0618	{932}	{nan}	0.0	non anotated	not interesting
7060	2251x	0.00024704463475375333	2.35	221.1171	{2251}	{nan}	0.0	non anotated	not interesting
283	471.0	0.0031925681911746033	2.35	327.1413	{3449, 6746, 6980}	{'[M+HFA+Na]+', '[M+H]+', '[M+HFA+NH4]+'}	258.1464	non anotated	specific non annotated
285	473.0	0.002189115249851446	2.35	367.2101	{8563, 2339}	{'[2M-CO2+H]+', '[M+NH4]+'}	205.0973	non anotated	specific non annotated
280	467.0	0.001882337558096514	2.35	209.116	{1805}	{'[M+Na]+'}	186.1259	non anotated	specific non annotated
4641	1331x	0.00041964275408601414	2.35	195.1381	{1331}	{nan}	0.0	non anotated	not interesting
2327	100x	0.0007546113441043653	2.36	123.1168	{100}	{nan}	0.0	non anotated	not interesting
11419	7742x	0.0021290264305844618	2.36	343.2109	{7742}	{nan}	0.0	non anotated	specific non annotated
287	476.0	0.0006031988175269553	2.37	283.1538	{4401}	{'[M+ACN+H]+'}	241.1199	annotated	not interesting
7669	2995x	0.0008100357641272881	2.37	245.138	{2995}	{nan}	0.0	non anotated	not interesting
7473	2762x	0.00013194758773124785	2.37	237.1485	{2762}	{nan}	0.0	non anotated	not interesting
288	479.0	0.002696358809952987	2.37	327.2165	{5722, 7003}	{'[M+H]+', '[M+Na]+'}	304.2261	non anotated	specific non annotated
6541	161x	0.00028237126107863604	2.37	133.1011	{161}	{nan}	0.0	annotated	not interesting
291	484.0	0.0009864993080646834	2.38	311.1465	{6040, 3870}	{'[2M-2H2O+2H]2+', '[M+Na]+'}	288.1571	non anotated	not interesting
9877	5813x	0.003928953581171265	2.38	307.1903	{5813}	{nan}	0.0	non anotated	specific non annotated
8984	4732x	0.0015797075337331697	2.39	289.18	{4732}	{nan}	0.0	non anotated	specific non annotated
12365	8968x	0.0009262719498831737	2.39	383.1681	{8968}	{nan}	0.0	non anotated	not interesting
7754	3122x	0.00024332447826478726	2.39	249.1468	{3122}	{nan}	0.0	non anotated	not interesting
293	488.0	0.00042766838955071045	2.39	269.1359	{3627, 3766, 2534}	{'[M+Na]+', '[M-H2O+H]+', '[M+NH4]+'}	246.1465	non anotated	not interesting
7477	2766x	9.138630069132192e-05	2.4	237.1847	{2766}	{nan}	0.0	non anotated	not interesting
294	489.0	0.0005810000962422963	2.4	337.1983	{7494, 5183}	{'[M-H2O+H]+', '[M+Na]+'}	314.2088	non anotated	not interesting
8969	470x	0.000887925712377203	2.4	155.1068	{470}	{nan}	0.0	non anotated	not interesting
297	494.0	0.001453703646166215	2.41	299.1476	{3450, 5279}	{'[M-H2O+H]+', '[M+Na]+'}	276.1577	non anotated	not interesting
298	496.0	0.00015082664332384218	2.42	229.12	{1732, 2525}	{'[M+H]+', '[M+Na]+'}	206.1308	non anotated	not interesting
8356	3933x	0.0007241274998951657	2.42	272.1852	{3933}	{nan}	0.0	non anotated	not interesting
9780	568x	0.0003161343810130218	2.42	163.1115	{568}	{nan}	0.0	non anotated	not interesting
10588	6681x	0.0003202655500549668	2.42	321.1313	{6681}	{nan}	0.0	non anotated	not interesting
8651	4310x	0.0007765378868909939	2.43	281.1383	{4310}	{nan}	0.0	non anotated	not interesting
299	498.0	0.0034890320237658252	2.43	249.1099	{2464, 2962, 3107, 1814}	{'[M+H]+', '[M+Na]+', '[M-H2O+H]+', '[M+NH4]+'}	226.1206	non anotated	specific non annotated
12793	949x	0.0005718878422824808	2.43	181.1222	{949}	{nan}	0.0	non anotated	not interesting
11212	747x	0.0004280311761585819	2.43	173.1173	{747}	{nan}	0.0	non anotated	not interesting
7190	2410x	0.000363697971983415	2.43	225.1484	{2410}	{nan}	0.0	non anotated	not interesting
303	506.0	0.0003036412639944462	2.44	265.1422	{3652}	{'[M+ACN+H]+'}	223.1091	annotated	not interesting
302	505.0	0.0005446029365753444	2.45	263.1261	{2881, 3574, 3430}	{'[M+H]+', '[M+Na]+', '[M+NH4]+'}	240.1366	non anotated	not interesting
8403	3989x	0.00022236153944499843	2.47	273.1691	{3989}	{nan}	0.0	non anotated	not interesting
5464	1453x	0.00021400927207424018	2.47	199.133	{1453}	{nan}	0.0	non anotated	not interesting
11802	8245x	0.0019616682343209855	2.47	357.1902	{8245}	{nan}	0.0	non anotated	specific non annotated
309	514.0	0.0004114232703915342	2.48	255.1576	{3320, 2657}	{'[2M+2H]2+', '[M+Na]+'}	232.1679	non anotated	not interesting
11282	7569x	0.0025709084582492465	2.48	339.1799	{7569}	{nan}	0.0	non anotated	specific non annotated
8706	438x	8.452928848825698e-05	2.49	153.1274	{438}	{nan}	0.0	non anotated	not interesting
7818	3207x	0.0014486828353474177	2.5	251.1641	{3207}	{nan}	0.0	non anotated	not interesting
312	518.0	0.0008501793772948895	2.5	233.1531	{2640, 702}	{'[2M+Na]+', '[M+HFA+NH4]+'}	105.0825	annotated	not interesting
8718	4405x	0.0005538637642240652	2.5	283.1541	{4405}	{nan}	0.0	annotated	not interesting
313	520.0	0.0015392555283376436	2.51	403.1728	{9475, 8917, 8447}	{'[M+H]+', '[M-H2O+H]+', '[M+Na]+'}	380.1828	non anotated	specific non annotated
7862	3266x	0.0008872290038948232	2.51	253.1435	{3266}	{nan}	0.0	non anotated	not interesting
315	523.0	0.0008810394370012041	2.52	337.1986	{4232, 7496}	{'[M+Na]+', '[M-2H2O+H]+'}	314.2093	non anotated	not interesting
7137	2348x	0.00041653985427757387	2.53	223.1329	{2348}	{nan}	0.0	non anotated	not interesting
7461	2750x	0.0007120633989953681	2.53	237.1092	{2750}	{nan}	0.0	non anotated	not interesting
6889	2034x	0.0008721020537419775	2.53	215.1277	{2034}	{nan}	0.0	annotated	not interesting
2833	10745x	0.0013204401896163335	2.53	437.2136	{10745}	{nan}	0.0	non anotated	not interesting
5099	1399x	0.001150164884440654	2.53	197.1174	{1399}	{nan}	0.0	non anotated	not interesting
316	525.0	0.0006677539082720846	2.53	289.1419	{3714, 4714, 4462}	{'[M+H]+', '[M+Na]+', '[M+NH4]+'}	266.1521	annotated	not interesting
8439	402x	0.001142896166104616	2.53	151.1119	{402}	{nan}	0.0	non anotated	not interesting
9337	5159x	0.0005452755320851705	2.53	297.168	{5159}	{nan}	0.0	non anotated	not interesting
321	532.0	0.0007556271879260645	2.54	133.1011	{33, 162}	{'[M+NH4]+', '[M+ACN+H]+'}	91.0673	annotated	not interesting
322	534.0	0.005121615439969876	2.54	365.1938	{8371, 8374, 8375, 6904, 8508, 8510, 7743}	{'[M+H]+', '[M+Na]+', '[M-H2O+H]+', '[M+NH4]+'}	342.2044	annotated	specific annotated
318	528.0	0.00034858440349734527	2.54	249.1471	{2475, 3125}	{'[M+H]+', '[M+Na]+'}	226.1574	non anotated	not interesting
8650	430x	0.0002659287815186433	2.56	153.091	{430}	{nan}	0.0	non anotated	not interesting
9361	5184x	0.00046105523495989663	2.56	297.2055	{5184}	{nan}	0.0	non anotated	not interesting
320	531.0	0.00037546584044071297	2.56	349.1987	{7956}	{'[2M+HFA+H]+'}	151.0907	non anotated	not interesting
323	535.0	0.0003348191013941347	2.56	323.1476	{6792, 6532}	{'[M+Na]+', '[M+NH4]+'}	300.1579	non anotated	not interesting
10959	713x	0.0008727246229501161	2.56	171.1015	{713}	{nan}	0.0	non anotated	not interesting
325	539.0	0.0021504189462898324	2.57	251.1257	{3038, 1893, 2542, 3191}	{'[M+Na]+', '[2M-2H2O+2H]2+', '[2M+2H]2+', '[M+NH4]+'}	228.1363	annotated	specific annotated
8948	467x	0.0020346604453084665	2.58	155.1068	{467}	{nan}	0.0	non anotated	specific non annotated
10931	7104x	0.0001776908145524682	2.58	329.2321	{7104}	{nan}	0.0	non anotated	not interesting
326	543.0	0.0034793844736209327	2.58	367.2096	{8561, 746, 5930}	{'[M+Na]+', '[M+2H]2+', '[M-2H2O+H]+'}	344.2201	non anotated	specific non annotated
327	546.0	0.00041790718082894613	2.59	307.1529	{5803, 5495}	{'[M+Na]+', '[M+NH4]+'}	284.1633	non anotated	not interesting
7453	273x	0.0005553065581815819	2.61	143.1067	{273}	{nan}	0.0	non anotated	not interesting
332	554.0	0.00048243541379558837	2.61	311.147	{6043, 3871}	{'[M-H2O+H]+', '[M+Na]+'}	288.1575	non anotated	not interesting
334	558.0	0.0002890218373128793	2.62	335.1838	{5052, 7405}	{'[M-H2O+H]+', '[M+Na]+'}	312.194	non anotated	not interesting
2479	10297x	0.0008989590648639432	2.62	425.2511	{10297}	{nan}	0.0	non anotated	not interesting
8808	4506x	0.0007880283528647753	2.63	285.1699	{4506}	{nan}	0.0	non anotated	not interesting
335	560.0	0.00015400435237528372	2.63	247.1307	{2409, 3057}	{'[M+H]+', '[M+Na]+'}	224.1413	non anotated	not interesting
12335	892x	0.00010516026221454142	2.63	179.1066	{892}	{nan}	0.0	non anotated	not interesting
8647	4304x	0.0003969743463322967	2.64	281.1363	{4304}	{nan}	0.0	non anotated	not interesting
4692	133x	0.00047493474460116614	2.64	125.096	{133}	{nan}	0.0	non anotated	not interesting
336	562.0	0.001982462647959278	2.64	247.0943	{2394, 3051, 1716}	{'[2M-2H2O+2H]2+', '[2M+2H]2+', '[M+Na]+'}	224.1046	non anotated	specific non annotated
7906	3323x	0.0004724302124861839	2.65	255.1589	{3323}	{nan}	0.0	non anotated	not interesting
341	569.0	0.0018287942450732088	2.65	203.1278	{1556, 495}	{'[M+NH4]+', '[M+HFA+NH4]+'}	139.0882	non anotated	specific non annotated
344	573.0	0.0010893419919137466	2.65	341.1582	{7650, 5410, 7459}	{'[M+Na]+', '[M-H2O+H]+', '[M+NH4]+'}	318.1682	non anotated	not interesting
343	571.0	0.00017087235359144697	2.65	153.1274	{440}	{'[M+HFA+NH4]+'}	89.0891	non anotated	not interesting
338	566.0	0.0010287008763733244	2.65	185.1173	{1044}	{'[M-H2O+H]+'}	202.121	non anotated	not interesting
8980	4728x	0.0004939058692486949	2.65	289.1797	{4728}	{nan}	0.0	non anotated	not interesting
345	574.0	0.0006094560601195533	2.66	241.1435	{2880}	{'[M+ACN+H]+'}	199.1096	non anotated	not interesting
8590	4230x	0.00015480889926539548	2.66	279.194	{4230}	{nan}	0.0	annotated	not interesting
346	576.0	0.0012948509836951266	2.66	309.2053	{4624, 5921, 3790}	{'[M+H]+', '[M-H2O+H]+', '[M+Na]+'}	286.2149	non anotated	not interesting
12803	950x	0.00019694842610573136	2.67	181.1222	{950}	{nan}	0.0	non anotated	not interesting
349	581.0	0.0004301084925113661	2.67	239.1274	{2815, 1452, 2079}	{'[M+H]+', '[M-H2O+H]+', '[M+Na]+'}	216.1369	annotated	not interesting
350	583.0	0.005954262944889678	2.68	363.177	{7656, 8296, 8444, 6798}	{'[M+Na]+', '[2M-2H2O+2H]2+', '[2M+2H]2+', '[M+NH4]+'}	340.1883	non anotated	specific non annotated
6720	1842x	0.0001914306962110514	2.68	209.1537	{1842}	{nan}	0.0	non anotated	not interesting
355	591.0	0.00047674740853670465	2.69	309.1308	{5905, 4603, 5639}	{'[M+H]+', '[M+Na]+', '[M+NH4]+'}	286.1416	non anotated	not interesting
353	588.0	0.000733212600936071	2.69	409.2199	{8626, 9517, 9703}	{'[M+Na]+', '[M-H2O+H]+', '[M+NH4]+'}	386.2301	non anotated	not interesting
7755	3126x	0.00020521581699366203	2.69	249.1473	{3126}	{nan}	0.0	non anotated	not interesting
352	586.0	0.0002804845346053663	2.7	263.1265	{3577}	{'[M+Na]+'}	240.1367	non anotated	not interesting
11351	7655x	0.002003059199458036	2.7	341.1956	{7655}	{nan}	0.0	non anotated	specific non annotated
356	594.0	0.0003462489160110031	2.7	405.2249	{8979, 9550, 8519}	{'[M+H]+', '[M-H2O+H]+', '[M+Na]+'}	382.2355	non anotated	not interesting
7814	3200x	0.0002874415374323173	2.7	251.1626	{3200}	{nan}	0.0	non anotated	not interesting
4172	12612x	0.0027303366740591	2.71	483.2556	{12612}	{nan}	0.0	non anotated	specific non annotated
11803	8246x	0.0011139411197721764	2.71	357.1907	{8246}	{nan}	0.0	non anotated	not interesting
12202	8760x	0.0008510601943730959	2.72	374.2171	{8760}	{nan}	0.0	non anotated	not interesting
358	597.0	0.0004295859168785178	2.72	217.1203	{2073, 1323}	{'[M+H]+', '[M+Na]+'}	194.1309	non anotated	not interesting
11526	7872x	0.0015169050163334693	2.74	346.2589	{7872}	{nan}	0.0	non anotated	not interesting
6568	165x	8.279638920342078e-05	2.74	133.1012	{165}	{nan}	0.0	annotated	not interesting
10770	6897x	0.0008637498453993039	2.75	325.1635	{6897}	{nan}	0.0	non anotated	not interesting
9183	4962x	0.0010690194487836416	2.75	293.211	{4962}	{nan}	0.0	annotated	not interesting
8468	4069x	0.0005823817075901386	2.75	275.2006	{4069}	{nan}	0.0	annotated	not interesting
366	610.0	0.0006906904806140805	2.75	223.1317	{1514, 995, 2338}	{'[M+H]+', '[M-H2O+H]+', '[M+Na]+'}	200.1415	non anotated	not interesting
7819	3208x	0.0005877204436725213	2.76	251.1641	{3208}	{nan}	0.0	non anotated	not interesting
367	612.0	0.0006222560641498965	2.76	381.1903	{953, 8918, 8446}	{'[2M-H2O+K]+', '[M+H]+', '[2M-2H2O+K]+'}	180.1174	non anotated	not interesting
12956	9701x	0.0013772648148337435	2.77	409.2196	{9701}	{nan}	0.0	non anotated	not interesting
4105	1250x	0.00025464945900342925	2.77	193.0984	{1250}	{nan}	0.0	non anotated	not interesting
2564	10403x	0.0009930158905469143	2.77	427.2666	{10403}	{nan}	0.0	non anotated	not interesting
7192	2414x	0.0006710274287590234	2.77	225.1485	{2414}	{nan}	0.0	non anotated	not interesting
7103	2309x	0.00035508687826735983	2.77	222.1194	{2309}	{nan}	0.0	non anotated	not interesting
373	619.0	0.0002273800481684969	2.77	369.224	{7908, 6064, 8624, 7103, 8479}	{'[M+H]+', '[M-H2O+H]+', '[M+Na]+', '[M-2H2O+H]+', '[M+NH4]+'}	346.2353	annotated	not interesting
4201	1264x	0.0002481012669819021	2.78	193.1225	{1264}	{nan}	0.0	non anotated	not interesting
6629	1727x	0.0007238974084214457	2.79	207.1379	{1727}	{nan}	0.0	non anotated	not interesting
377	627.0	0.0005731494200203156	2.79	293.1741	{1172, 4943}	{'[M+HFA+NH4]+', '[2M+K]+'}	127.1045	non anotated	not interesting
7870	3273x	9.010048602195579e-05	2.79	253.1798	{3273}	{nan}	0.0	non anotated	not interesting
11072	7284x	6.0956960064025625e-05	2.79	332.243	{7284}	{nan}	0.0	non anotated	not interesting
7426	2705x	0.00030399173144106433	2.8	235.1691	{2705}	{nan}	0.0	annotated	not interesting
383	636.0	0.0012513514763485452	2.81	291.1569	{4562, 3202, 4836, 3775}	{'[M+H]+', '[M+Na]+', '[M-H2O+H]+', '[M+NH4]+'}	268.1675	annotated	not interesting
8807	4505x	0.0005922235191614064	2.82	285.1695	{4505}	{nan}	0.0	non anotated	not interesting
380	631.0	0.0005932012603545048	2.82	358.2223	{8295}	{'[M+NH4]+'}	340.1889	non anotated	not interesting
388	642.0	0.000505046416737045	2.83	295.191	{992, 5059}	{'[2M-2H2O+H]+', '[M+NH4]+'}	165.1031	non anotated	not interesting
389	644.0	0.0014879687409319281	2.83	391.2095	{8045, 9163, 9076, 8037}	{'[M+Na]+', '[2M-2H2O+2H]2+', '[M+NH4]+'}	368.2192	non anotated	not interesting
6756	1887x	0.0004370655130467425	2.83	211.1327	{1887}	{nan}	0.0	non anotated	not interesting
6891	2036x	0.0005891218294287002	2.83	215.1278	{2036}	{nan}	0.0	non anotated	not interesting
393	650.0	0.0004633620229915127	2.84	261.1461	{2827, 2275, 3512}	{'[M+H]+', '[M-H2O+H]+', '[M+Na]+'}	238.1569	non anotated	not interesting
7759	3130x	0.000296812186832412	2.84	249.148	{3130}	{nan}	0.0	annotated	not interesting
8177	3708x	0.0012599450210150527	2.84	267.1584	{3708}	{nan}	0.0	annotated	not interesting
394	652.0	0.0005601521146172406	2.84	251.1252	{3187, 2532}	{'[M+H]+', '[M+Na]+'}	228.1359	non anotated	not interesting
391	647.0	0.000682758758831962	2.84	279.1582	{3394, 4222}	{'[M+H]+', '[M+Na]+'}	256.1682	non anotated	not interesting
6808	1951x	0.00026801964481684015	2.85	213.148	{1951}	{nan}	0.0	non anotated	not interesting
396	656.0	0.0002935476091002881	2.86	311.1472	{3872, 4721, 6044, 5764}	{'[M+H]+', '[M+Na]+', '[M-H2O+H]+', '[M+NH4]+'}	288.1576	non anotated	not interesting
7912	332x	0.0001013628438656595	2.86	147.1165	{332}	{nan}	0.0	non anotated	not interesting
12203	8761x	0.0006268380011597897	2.86	374.2173	{8761}	{nan}	0.0	non anotated	not interesting
12546	9200x	0.00032436423594196367	2.87	393.224	{9200}	{nan}	0.0	non anotated	not interesting
399	661.0	0.0014256551531568616	2.87	337.1985	{5186, 7495}	{'[M-H2O+H]+', '[M+Na]+'}	314.2092	non anotated	not interesting
11281	7568x	0.0013295375094707484	2.87	339.1799	{7568}	{nan}	0.0	non anotated	not interesting
406	673.0	0.00022723783475570578	2.88	261.1097	{3502}	{'[M+Na]+'}	238.1206	non anotated	not interesting
400	663.0	0.00030455491839610847	2.89	193.1224	{1259}	{'[M+H]+'}	192.117	non anotated	not interesting
402	666.0	0.003936694524183999	2.89	331.1882	{5923, 7205}	{'[2M+2H]2+', '[M+Na]+'}	308.1986	non anotated	not interesting
9974	5918x	0.0006690028539998177	2.89	309.169	{5918}	{nan}	0.0	non anotated	not interesting
10932	7106x	0.001230334084120725	2.9	329.2323	{7106}	{nan}	0.0	non anotated	not interesting
405	671.0	0.0008257582781395738	2.9	203.1039	{946, 1549, 566, 1426}	{'[M+H]+', '[M+Na]+', '[M-H2O+H]+', '[M+NH4]+'}	180.1147	non anotated	not interesting
404	668.0	0.003374186392112597	2.9	353.2301	{6184, 7240, 5066, 8119, 7928, 8122, 7165}	{'[M+H]+', '[M-H2O+H]+', '[M-H2O+NH4]+', '[M-2H2O+H]+', '[M+Na]+', '[M+NH4]+'}	330.2404	annotated	not interesting
11804	8247x	0.000633299215298678	2.91	357.191	{8247}	{nan}	0.0	non anotated	not interesting
409	677.0	0.0004451790118153465	2.91	381.1884	{8810, 8916}	{'[M+Na]+', '[M+NH4]+'}	358.1994	non anotated	not interesting
9876	5812x	0.002286984994658312	2.91	307.1903	{5812}	{nan}	0.0	annotated	specific annotated
7076	2274x	0.000308731893231693	2.92	221.1536	{2274}	{nan}	0.0	non anotated	not interesting
7905	3321x	0.0008327572381290493	2.92	255.1578	{3321}	{nan}	0.0	non anotated	not interesting
2495	1031x	0.00023986929884753207	2.93	185.1011	{1031}	{nan}	0.0	non anotated	not interesting
418	693.0	0.0008414228560868374	2.93	196.1415	{1290, 804, 1364}	{'[M-H2O+K]+', '[M+Na]+', '[M-2H2O+K]+'}	173.1533	non anotated	not interesting
417	692.0	0.000680703578010898	2.93	405.225	{8518, 9551}	{'[M-H2O+H]+', '[M+Na]+'}	382.2354	non anotated	not interesting
12092	8622x	0.0004082494483394627	2.93	369.194	{8622}	{nan}	0.0	non anotated	not interesting
6579	1674x	0.0007936724412287264	2.93	205.6143	{1674}	{nan}	0.0	non anotated	not interesting
415	687.0	0.0001594549850462137	2.93	197.6254	{1420}	{'[M+NH4]+'}	179.5902	non anotated	not interesting
413	683.0	0.00045799855414168804	2.93	239.128	{372, 2820}	{'[M-CO2+NH4]+', '[M+HFA+NH4]+'}	175.0886	annotated	not interesting
7159	2374x	0.00035259458267431246	2.93	224.1079	{2374}	{nan}	0.0	non anotated	not interesting
11191	744x	0.0003182331835885956	2.93	173.1172	{744}	{nan}	0.0	non anotated	not interesting
7813	31x	0.00026815018542590416	2.93	109.1012	{31}	{nan}	0.0	non anotated	not interesting
8894	460x	0.0005762493979385688	2.93	155.1065	{460}	{nan}	0.0	non anotated	not interesting
411	680.0	0.0023209890082058968	2.93	195.1378	{731, 1317}	{'[M-H2O+NH4]+', '[M+Na]+'}	172.1475	non anotated	specific non annotated
414	686.0	0.0008008189124015846	2.94	213.1483	{1952}	{'[M+Na]+'}	190.158	non anotated	not interesting
8133	3654x	0.0001919533692402393	2.94	265.1416	{3654}	{nan}	0.0	non anotated	not interesting
7064	2258x	0.0006644090523449224	2.94	221.1179	{2258}	{nan}	0.0	non anotated	not interesting
11618	7989x	0.00018715150539279186	2.94	350.2217	{7989}	{nan}	0.0	non anotated	not interesting
8229	3777x	0.0004565719633933904	2.95	269.1751	{3777}	{nan}	0.0	non anotated	not interesting
2565	10404x	0.0005244035260296879	2.95	427.2671	{10404}	{nan}	0.0	non anotated	not interesting
423	703.0	0.0047620992831249815	2.96	214.1202	{1982, 1223}	{'[M+H]+', '[M+Na]+'}	191.1309	annotated	specific annotated
426	710.0	0.0004099799746952986	2.97	391.209	{9161, 893, 894}	{'[2M+HFA+Na]+', '[M+NH4]+'}	161.1082	non anotated	not interesting
11590	7955x	0.0012610088546695212	2.97	349.1987	{7955}	{nan}	0.0	non anotated	not interesting
427	711.0	0.00020865359493158102	2.97	453.2071	{9322, 11435}	{'[M+K]+', '[M-H2O+H]+'}	414.2426	non anotated	not interesting
9090	4853x	0.0033670980045749726	2.98	291.195	{4853}	{nan}	0.0	non anotated	specific non annotated
8406	3992x	0.0009331636558429547	2.98	273.1845	{3992}	{nan}	0.0	non anotated	not interesting
443	740.0	0.0004260166066597137	2.99	331.1889	{7214}	{'[2M+Na]+'}	154.0995	non anotated	not interesting
9541	5412x	0.0005125469088472135	2.99	301.165	{5412}	{nan}	0.0	non anotated	not interesting
440	736.0	0.00023370216262605603	3.0	405.197	{9137, 626, 994, 9548}	{'[M-2H2O+NH4]+', '[M-H2O+NH4]+', '[2M+Na]+', '[2M+K]+'}	183.1154	non anotated	not interesting
7113	231x	8.138027889154163e-05	3.0	139.1114	{231}	{nan}	0.0	non anotated	not interesting
10680	6795x	0.0018090543681660615	3.0	323.1844	{6795}	{nan}	0.0	non anotated	specific non annotated
10177	6176x	0.0011017198270831237	3.0	313.2009	{6176}	{nan}	0.0	non anotated	not interesting
11556	7909x	0.0005960013165749716	3.0	347.2428	{7909}	{nan}	0.0	non anotated	not interesting
439	730.0	0.00035134271505639223	3.0	343.1561	{592, 6996, 7733}	{'[M+K]+', '[M+H+Na]2+', '[M+Na]+'}	304.194	non anotated	not interesting
6929	2078x	0.0003174939896423343	3.01	217.1429	{2078}	{nan}	0.0	non anotated	not interesting
441	738.0	8.407239930793701e-05	3.01	277.1769	{3275, 4140}	{'[M+NH4]+', '[M+ACN+H]+'}	235.1445	annotated	not interesting
11350	7651x	0.00022855858814833894	3.01	341.1585	{7651}	{nan}	0.0	non anotated	not interesting
7298	2545x	0.000308742754399257	3.01	229.1437	{2545}	{nan}	0.0	non anotated	not interesting
12094	8627x	0.0020573096689346934	3.03	369.2271	{8627}	{nan}	0.0	non anotated	specific non annotated
449	753.0	0.0009648855255842389	3.03	425.25	{10296, 9035}	{'[M-H2O+H]+', '[M+Na]+'}	402.2603	non anotated	not interesting
9782	5692x	0.0010124547832507523	3.04	305.1745	{5692}	{nan}	0.0	non anotated	not interesting
442	739.0	0.0003334809347165484	3.04	155.1065	{459}	{'[M+2H]2+'}	308.1991	non anotated	not interesting
455	764.0	0.0013526488639712063	3.04	455.2249	{10640, 9953, 11341, 11544}	{'[M+H]+', '[M+Na]+', '[M-H2O+H]+', '[M+NH4]+'}	432.2352	non anotated	not interesting
7016	2187x	0.0009396386530395941	3.04	219.159	{2187}	{nan}	0.0	non anotated	not interesting
453	759.0	0.0014538410635471333	3.04	201.1484	{1515}	{'[M-H2O+H]+'}	218.1526	non anotated	not interesting
459	773.0	0.002163456922043188	3.05	409.2203	{9704, 1450}	{'[2M+HFA+H]+', '[M+NH4]+'}	181.1013	non anotated	not interesting
12547	9201x	0.0005521267447789248	3.05	393.2246	{9201}	{nan}	0.0	non anotated	not interesting
7449	2733x	0.000543311313542455	3.05	236.0981	{2733}	{nan}	0.0	non anotated	not interesting
462	777.0	0.00038791666383668194	3.05	322.1853	{5290, 6684, 6740}	{'[2M+HFA+2H]2+', '[M+H]+', '[M+Na]+'}	298.1764	non anotated	not interesting
460	774.0	0.0003075200289466974	3.06	235.169	{2701}	{'[M+NH4]+'}	217.1339	annotated	not interesting
8593	4235x	0.0012219811084129516	3.06	279.1956	{4235}	{nan}	0.0	non anotated	not interesting
464	782.0	0.00012977064672870206	3.06	263.1257	{2345, 2875, 3572}	{'[M+H]+', '[M-H2O+H]+', '[M+Na]+'}	240.136	non anotated	not interesting
2329	10104x	0.0008119885017075515	3.07	421.2196	{10104}	{nan}	0.0	non anotated	not interesting
10603	6699x	0.00037726607896444595	3.09	321.2039	{6699}	{nan}	0.0	non anotated	not interesting
469	792.0	0.00044252351537403317	3.09	351.2147	{7874, 4958, 8042}	{'[M+NH4]+', '[M+Na]+', '[M-2H2O+H]+'}	328.2251	annotated	not interesting
10335	6370x	0.0003538903848955907	3.09	316.2483	{6370}	{nan}	0.0	non anotated	not interesting
12779	947x	0.00039027274031892806	3.09	181.1221	{947}	{nan}	0.0	non anotated	not interesting
7194	2416x	0.00038220457511928675	3.1	225.1486	{2416}	{nan}	0.0	non anotated	not interesting
10529	660x	0.00013075781470690893	3.1	167.1067	{660}	{nan}	0.0	non anotated	not interesting
473	796.0	0.004014018363588683	3.11	328.2485	{5922, 7052, 4621, 3789, 3219}	{'[M+H]+', '[M-H2O+H]+', '[M+ACN+H]+', '[M+Na]+', '[M-2H2O+H]+'}	286.2148	annotated	specific annotated
7417	2693x	0.00023773868013436583	3.11	235.1313	{2693}	{nan}	0.0	non anotated	not interesting
8655	4320x	0.0008542844264094047	3.11	281.1739	{4320}	{nan}	0.0	non anotated	not interesting
11352	7657x	0.0019117803534918962	3.12	341.196	{7657}	{nan}	0.0	non anotated	specific non annotated
12139	8686x	0.00021887475048844692	3.12	371.2429	{8686}	{nan}	0.0	non anotated	not interesting
479	806.0	0.00020548431804202273	3.12	423.2353	{8978, 10035, 10195}	{'[M+Na]+', '[M-H2O+H]+', '[M+NH4]+'}	400.2457	non anotated	not interesting
8407	3993x	0.0014513717416846073	3.12	273.1847	{3993}	{nan}	0.0	non anotated	not interesting
474	797.0	0.0003918072639198928	3.12	349.1985	{7801, 7953}	{'[M+Na]+', '[M+NH4]+'}	326.2095	non anotated	not interesting
4419	1299x	0.0003405166249316581	3.13	194.5935	{1299}	{nan}	0.0	non anotated	not interesting
9093	4856x	0.006653777032129943	3.13	291.1953	{4856}	{nan}	0.0	non anotated	specific non annotated
9256	5055x	0.0010646781102465247	3.13	295.1908	{5055}	{nan}	0.0	non anotated	not interesting
480	807.0	0.00030036098479182215	3.14	237.1848	{376, 2771}	{'[2M+Na]+', '[M+ACN+H]+'}	107.0983	annotated	not interesting
482	810.0	0.0016491996744450674	3.14	353.1728	{8106, 7212}	{'[M+H]+', '[M+Na]+'}	330.1826	non anotated	specific non annotated
11960	8445x	0.001378881771154834	3.14	363.1783	{8445}	{nan}	0.0	non anotated	not interesting
4576	1322x	0.0012898226763095866	3.15	195.1379	{1322}	{nan}	0.0	non anotated	not interesting
484	813.0	0.0005188115889784695	3.15	213.1485	{1956}	{'[2M+Na]+'}	95.0785	non anotated	not interesting
9786	5696x	0.0006769112892025666	3.15	305.1747	{5696}	{nan}	0.0	non anotated	not interesting
7073	2269x	0.00016072709929714716	3.15	221.1534	{2269}	{nan}	0.0	non anotated	not interesting
10394	6439x	0.0002838659407225047	3.16	317.1957	{6439}	{nan}	0.0	non anotated	not interesting
4378	1291x	0.00019202249703009907	3.16	194.1064	{1291}	{nan}	0.0	non anotated	not interesting
3831	12098x	0.0006561913099789378	3.17	469.2771	{12098}	{nan}	0.0	non anotated	not interesting
11280	7567x	0.0007197170689850397	3.17	339.1791	{7567}	{nan}	0.0	non anotated	not interesting
6758	1892x	0.0009435226124632889	3.17	211.1329	{1892}	{nan}	0.0	non anotated	not interesting
6581	1676x	0.00086543494964405	3.17	205.6145	{1676}	{nan}	0.0	non anotated	not interesting
493	823.0	0.00018268578287583334	3.18	321.204	{3596, 6701}	{'[M+Na]+', '[M-2H2O+H]+'}	298.2146	annotated	not interesting
10933	7107x	0.002262125611974938	3.18	329.2324	{7107}	{nan}	0.0	non anotated	specific non annotated
492	822.0	0.0006356563247724045	3.18	299.2007	{5299, 3878}	{'[M-CO2+K]+', '[M+Na]+'}	276.2132	annotated	not interesting
7816	3205x	0.0005698269357372118	3.18	251.164	{3205}	{nan}	0.0	non anotated	not interesting
10185	6195x	0.0009724927109572984	3.19	313.2378	{6195}	{nan}	0.0	non anotated	not interesting
7871	3274x	0.0009298066106163252	3.19	253.1798	{3274}	{nan}	0.0	annotated	not interesting
496	830.0	0.0029005822290801477	3.19	353.2306	{497, 5074, 5075, 7932, 8127}	{'[M+NH4]+', '[M+Na]+', '[M-H2O+2H]2+', '[M-2H2O+H]+'}	330.241	annotated	specific annotated
11648	8025x	0.00030772848662741627	3.19	351.1806	{8025}	{nan}	0.0	non anotated	not interesting
7160	2375x	0.0004918919195447148	3.19	224.108	{2375}	{nan}	0.0	non anotated	not interesting
2562	10400x	0.00035699406387474747	3.2	427.2308	{10400}	{nan}	0.0	non anotated	not interesting
11198	745x	0.00022487861502795545	3.2	173.1173	{745}	{nan}	0.0	non anotated	not interesting
7503	279x	0.0004526947626853808	3.2	143.1067	{279}	{nan}	0.0	non anotated	not interesting
8935	465x	0.00039330790540030477	3.2	155.1067	{465}	{nan}	0.0	non anotated	not interesting
504	846.0	0.002653227549312101	3.2	351.2149	{8038}	{'[M+ACN+K]+'}	271.2254	non anotated	specific non annotated
9184	4965x	0.0011543440138013258	3.21	293.2112	{4965}	{nan}	0.0	annotated	not interesting
8981	4729x	0.0008758079549485158	3.21	289.1797	{4729}	{nan}	0.0	annotated	not interesting
10083	6065x	0.0015752187430407546	3.21	311.2218	{6065}	{nan}	0.0	annotated	not interesting
515	862.0	0.00018943130578413466	3.22	149.1326	{380}	{'[M+H]+'}	148.1273	annotated	not interesting
9185	496x	0.00014120111065450095	3.22	157.1224	{496}	{nan}	0.0	non anotated	not interesting
507	849.0	0.00017199671169244662	3.22	133.1012	{34, 164, 167}	{'[M+NH4]+', '[M+ACN+H]+'}	91.0674	annotated	not interesting
510	852.0	0.0003736535011596396	3.23	249.147	{2473, 3121, 2963, 3123, 1176}	{'[M+H]+', '[M+NH4]+', '[M+Na]+', '[M-2H2O+H]+'}	226.1571	annotated	not interesting
534	890.0	7.973231216621337e-05	3.23	177.1273	{840}	{'[M+ACN+NH4]+'}	118.0687	annotated	not interesting
4598	1326x	0.0008129678956870182	3.23	195.138	{1326}	{nan}	0.0	non anotated	not interesting
8971	4715x	6.536662951186037e-05	3.23	289.1423	{4715}	{nan}	0.0	non anotated	not interesting
520	868.0	7.237989200623124e-05	3.24	139.1118	{234}	{'[M-H2O+2H]2+'}	294.2208	non anotated	not interesting
514	861.0	0.0003391442367220325	3.24	267.159	{3713, 2477}	{'[M-H2O+H]+', '[M+Na]+'}	244.1686	non anotated	not interesting
519	867.0	0.0008694032602006197	3.25	291.158	{4843, 3774}	{'[M+H]+', '[M+Na]+'}	268.1682	non anotated	not interesting
522	870.0	0.0005460407721737558	3.25	275.2007	{3218, 4068}	{'[M+NH4]+', '[M+ACN+H]+'}	233.1667	annotated	not interesting
525	874.0	0.006557571584168007	3.26	325.2009	{5005, 6903}	{'[2M-H2O+2H]2+', '[M+Na]+'}	302.2122	non anotated	specific non annotated
526	876.0	0.0024720404009618037	3.26	319.1887	{6232, 4233, 5188, 6590}	{'[M+H]+', '[M+Na]+', '[M-H2O+H]+', '[M+NH4]+'}	296.1989	non anotated	specific non annotated
531	886.0	0.0007946536945928576	3.27	237.1483	{1408, 2045, 2760}	{'[M+H]+', '[M-H2O+H]+', '[M+Na]+'}	214.1576	non anotated	not interesting
532	887.0	0.002587859287673702	3.27	307.1904	{4592, 5806}	{'[M+ACN+NH4]+', '[M+K]+'}	248.1291	annotated	specific annotated
2260	1001x	0.0005162034920890795	3.27	183.1379	{1001}	{nan}	0.0	non anotated	not interesting
12415	9032x	0.00046351620434845377	3.28	385.222	{9032}	{nan}	0.0	non anotated	not interesting
12548	9202x	0.0010074742295856434	3.28	393.2248	{9202}	{nan}	0.0	non anotated	not interesting
11545	7897x	0.001352445394163635	3.28	347.1835	{7897}	{nan}	0.0	non anotated	not interesting
11071	7283x	0.0003356992986774531	3.29	332.2429	{7283}	{nan}	0.0	non anotated	not interesting
535	894.0	0.000802010158176634	3.29	273.1472	{3209, 3980, 2637}	{'[M+H]+', '[M-H2O+H]+', '[M+Na]+'}	250.157	annotated	not interesting
11504	7847x	0.00036842183021708075	3.29	345.2271	{7847}	{nan}	0.0	non anotated	not interesting
7296	2541x	0.0005761777378438803	3.29	229.1435	{2541}	{nan}	0.0	non anotated	not interesting
540	903.0	0.00013450849461841492	3.31	355.1893	{8176, 7338}	{'[M+H]+', '[M+Na]+'}	332.1987	non anotated	not interesting
541	905.0	0.0012988455912633795	3.31	421.219	{8924, 10103}	{'[M-H2O+H]+', '[M+Na]+'}	398.2296	non anotated	not interesting
10790	692x	0.00010339616068419255	3.31	169.1221	{692}	{nan}	0.0	non anotated	not interesting
12958	9707x	0.000299892833052963	3.33	409.256	{9707}	{nan}	0.0	non anotated	not interesting
2480	10298x	0.001076428417848658	3.34	425.2511	{10298}	{nan}	0.0	non anotated	not interesting
6578	1673x	0.00018731808559890048	3.35	205.6142	{1673}	{nan}	0.0	non anotated	not interesting
6712	1830x	0.00025540497716648313	3.35	209.1536	{1830}	{nan}	0.0	non anotated	not interesting
6809	1953x	0.0002978826463893753	3.35	213.1483	{1953}	{nan}	0.0	non anotated	not interesting
4542	1318x	0.000776181593372427	3.35	195.1378	{1318}	{nan}	0.0	non anotated	not interesting
561	940.0	0.00020015189796469086	3.36	353.2302	{8125, 7927}	{'[M+Na]+', '[M+NH4]+'}	330.2408	non anotated	not interesting
562	944.0	0.00028330766785550235	3.36	383.1729	{741, 8969, 458, 8556, 8429, 8502}	{'[M+H]+', '[M-H2O+H]+', '[2M+K]+', '[2M+Na]+', '[2M+NH4]+', '[2M-H2O+K]+'}	172.1082	non anotated	not interesting
567	954.0	0.00012407142023093836	3.36	275.2003	{4065, 26}	{'[M-2H2O+2H]2+', '[M+Na]+'}	252.2098	annotated	not interesting
7933	3358x	0.00032969062334905076	3.37	256.1112	{3358}	{nan}	0.0	non anotated	not interesting
8226	3772x	0.0004100323916344117	3.37	269.1737	{3772}	{nan}	0.0	annotated	not interesting
568	957.0	0.000233596767981026	3.37	261.1456	{3511, 2826, 2271}	{'[M+H]+', '[M-H2O+H]+', '[M+Na]+'}	238.1566	non anotated	not interesting
12414	9031x	0.0009219078265054063	3.38	385.2198	{9031}	{nan}	0.0	non anotated	not interesting
11225	7497x	0.0005125794038077787	3.38	337.2001	{7497}	{nan}	0.0	non anotated	not interesting
12595	9257x	0.0005439449505164537	3.39	395.2388	{9257}	{nan}	0.0	non anotated	not interesting
12479	9116x	0.0009674141411577326	3.4	388.2676	{9116}	{nan}	0.0	non anotated	not interesting
581	974.0	0.0013776077680051936	3.4	349.1988	{7009, 5925, 4861, 7217, 7954, 7797, 7957, 7802, 7803, 7005, 4863}	{'[M+H]+', '[M-H2O+H]+', '[M-H2O+Na]+', '[M-2H2O+H]+', '[M+Na]+', '[M+NH4]+'}	326.2096	non anotated	not interesting
587	985.0	0.0025035522487781275	3.41	347.1836	{7898, 6901}	{'[M+H]+', '[M+Na]+'}	324.1939	non anotated	specific non annotated
585	982.0	0.0007645659288312365	3.41	322.1855	{6741, 6686, 6743}	{'[2M+HFA+2H]2+', '[M+Na]+'}	298.1762	non anotated	not interesting
9255	5054x	0.0012357006519449906	3.41	295.1905	{5054}	{nan}	0.0	non anotated	not interesting
589	988.0	0.0009395138676687772	3.42	409.2558	{9706, 8628}	{'[M-H2O+H]+', '[M+Na]+'}	386.2655	non anotated	not interesting
592	993.0	0.0015831553641538936	3.42	353.1936	{8108, 7228, 7926, 6175}	{'[M+H]+', '[M+Na]+', '[M-H2O+H]+', '[M+NH4]+'}	330.204	non anotated	specific non annotated
12765	9464x	0.0003740811478268552	3.43	402.247	{9464}	{nan}	0.0	non anotated	not interesting
9262	5067x	0.0015715038105372742	3.43	295.2268	{5067}	{nan}	0.0	annotated	specific annotated
8531	4155x	0.0003972954000843651	3.44	277.2162	{4155}	{nan}	0.0	annotated	not interesting
3830	12097x	0.0010523704889837636	3.44	469.2755	{12097}	{nan}	0.0	non anotated	not interesting
12000	8511x	0.0003172518593907628	3.44	365.1944	{8511}	{nan}	0.0	non anotated	not interesting
7821	3211x	0.000344034831586231	3.45	251.1641	{3211}	{nan}	0.0	annotated	not interesting
599	1008.0	0.00014739780814073815	3.45	331.1516	{4841, 7201, 5919}	{'[M+H]+', '[M-H2O+H]+', '[M+Na]+'}	308.1618	non anotated	not interesting
598	1006.0	0.001066515595491632	3.45	289.1399	{4712, 3707, 3133}	{'[M+H]+', '[M-H2O+H]+', '[M+Na]+'}	266.151	non anotated	not interesting
9915	5856x	0.00022283570024286855	3.45	308.1932	{5856}	{nan}	0.0	non anotated	not interesting
8134	3658x	0.0007621555465111704	3.47	265.1424	{3658}	{nan}	0.0	non anotated	not interesting
8227	3773x	0.0009513315558294666	3.48	269.1746	{3773}	{nan}	0.0	non anotated	not interesting
10257	627x	0.0005389256744278556	3.48	165.1273	{627}	{nan}	0.0	non anotated	not interesting
2394	10194x	0.0002706118631514763	3.49	423.235	{10194}	{nan}	0.0	non anotated	not interesting
13160	996x	0.0003491304132797746	3.49	183.1378	{996}	{nan}	0.0	non anotated	not interesting
611	1022.0	0.00021269554302367287	3.49	147.1168	{337}	{'[M+ACN+H]+'}	105.083	non anotated	not interesting
8592	4234x	0.0015299209746112738	3.5	279.1955	{4234}	{nan}	0.0	non anotated	not interesting
11360	7670x	0.00024623909028901204	3.5	341.2313	{7670}	{nan}	0.0	non anotated	not interesting
10683	6799x	0.0008544204566303354	3.51	323.1854	{6799}	{nan}	0.0	non anotated	not interesting
7431	2711x	0.00039332065546657556	3.51	235.1692	{2711}	{nan}	0.0	annotated	not interesting
9783	5693x	0.00031354393352092316	3.52	305.1745	{5693}	{nan}	0.0	non anotated	not interesting
4553	1319x	0.0007276841485898258	3.52	195.1379	{1319}	{nan}	0.0	non anotated	not interesting
11493	7830x	0.00038967888827394097	3.52	345.1674	{7830}	{nan}	0.0	non anotated	not interesting
7757	3129x	0.0001959587494339295	3.52	249.1479	{3129}	{nan}	0.0	non anotated	not interesting
628	1055.0	0.0015851739475625135	3.53	341.1729	{5416, 7652, 6597}	{'[M+H]+', '[M-H2O+H]+', '[M+Na]+'}	318.1832	non anotated	not interesting
13031	9791x	0.0002565242499979956	3.53	411.2707	{9791}	{nan}	0.0	non anotated	not interesting
11320	7619x	0.00011679786749477287	3.54	340.212	{7619}	{nan}	0.0	non anotated	not interesting
9362	5185x	0.004041011021249029	3.54	297.2056	{5185}	{nan}	0.0	non anotated	specific non annotated
634	1067.0	0.0033052631345659063	3.55	351.2145	{7873, 8034, 4966, 7336, 8041, 6062, 7102}	{'[M+H]+', '[M-H2O+H]+', '[M-H2O+Na]+', '[M-2H2O+H]+', '[M+Na]+', '[M+NH4]+'}	328.225	annotated	not interesting
8472	4073x	0.0014937108454303359	3.55	275.2007	{4073}	{nan}	0.0	annotated	not interesting
4101	1249x	0.00010177602865215127	3.56	193.0984	{1249}	{nan}	0.0	non anotated	not interesting
7145	2358x	0.0005360822620792596	3.56	223.1692	{2358}	{nan}	0.0	non anotated	not interesting
11108	7332x	0.0005731268122639188	3.56	333.2041	{7332}	{nan}	0.0	non anotated	not interesting
644	1084.0	0.0009101429684804223	3.57	335.2199	{7416, 4153, 7161, 6185}	{'[M+H]+', '[M+NH4]+', '[M+Na]+', '[M-2H2O+H]+'}	312.2295	non anotated	not interesting
7023	2199x	0.0002425260643926641	3.57	219.1744	{2199}	{nan}	0.0	annotated	not interesting
646	1087.0	0.005319128428385022	3.58	347.1824	{5811, 7893, 6902}	{'[M+H]+', '[M-H2O+H]+', '[M+Na]+'}	324.1934	annotated	specific annotated
10679	6794x	0.0003881601251715609	3.58	323.183	{6794}	{nan}	0.0	non anotated	not interesting
665	1115.0	0.0003854710417501175	3.58	315.2144	{6299}	{'[M+NH4]+'}	297.1788	non anotated	not interesting
658	1103.0	0.00012871651433993552	3.58	149.132	{370}	{'[M-H2O+NH4]+'}	149.1079	annotated	not interesting
660	1106.0	0.0007585697379427243	3.59	383.2007	{8852, 8971, 7740}	{'[M+Na]+', '[M-H2O+H]+', '[M+NH4]+'}	360.2122	non anotated	not interesting
663	1113.0	0.0002001546722846664	3.6	321.2039	{4328, 6371, 6700}	{'[M+Na]+', '[M-H2O+H]+', '[M+NH4]+'}	298.2148	non anotated	not interesting
662	1111.0	0.00096454310366555	3.6	353.2271	{8118, 7239}	{'[M+H]+', '[M+Na]+'}	330.2385	non anotated	not interesting
10592	6687x	0.00020124831512185126	3.61	321.1683	{6687}	{nan}	0.0	non anotated	not interesting
669	1119.0	0.00029235907861712974	3.62	287.2008	{457, 4618}	{'[M+H]+', '[2M-CO2+Na]+'}	154.0998	non anotated	not interesting
4350	12878x	0.0004936143000248776	3.62	489.3564	{12878}	{nan}	0.0	non anotated	not interesting
12835	9549x	0.0008514425783050504	3.62	405.2248	{9549}	{nan}	0.0	non anotated	not interesting
7576	2883x	0.0004567058390892337	3.63	241.1791	{2883}	{nan}	0.0	non anotated	not interesting
682	1136.0	0.00027427237176096727	3.64	345.1648	{7829}	{'[M+Na]+'}	322.1755	non anotated	not interesting
680	1134.0	0.0002712056266543365	3.64	371.2766	{7616, 8693}	{'[M+NH4]+', '[M-2H2O+Na]+'}	353.242	non anotated	not interesting
3918	12212x	6.2981478746551e-05	3.65	471.3462	{12212}	{nan}	0.0	annotated	not interesting
8725	4412x	0.0009524143079850451	3.65	283.1887	{4412}	{nan}	0.0	non anotated	not interesting
13043	980x	7.418604809544409e-05	3.66	183.0801	{980}	{nan}	0.0	annotated	not interesting
10795	6935x	0.00017070822895365716	3.66	325.6954	{6935}	{nan}	0.0	non anotated	not interesting
9972	5916x	0.0003918065260688355	3.67	309.1681	{5916}	{nan}	0.0	non anotated	not interesting
12593	9255x	0.0017529459602129874	3.67	395.238	{9255}	{nan}	0.0	non anotated	specific non annotated
677	1131.0	0.00019833120620964845	3.67	339.2148	{7578}	{'[M+Na]+'}	316.2254	non anotated	not interesting
8565	419x	0.0002703653913842835	3.67	153.0899	{419}	{nan}	0.0	non anotated	not interesting
13176	998x	0.00017569369375540383	3.67	183.1379	{998}	{nan}	0.0	non anotated	not interesting
703	1174.0	0.003858490576038124	3.68	335.2196	{5297, 6187, 7414}	{'[M+H]+', '[M+Na]+', '[M-2H2O+Na]+'}	312.231	annotated	not interesting
705	1179.0	0.0010673601102978176	3.68	355.2461	{8185, 5654}	{'[M+HFA+Na]+', '[M+NH4]+'}	286.2511	non anotated	not interesting
712	1189.0	0.00046305277485636157	3.68	185.1008	{1028}	{'[M+Na]+'}	162.1127	non anotated	not interesting
706	1181.0	0.00048003760445753936	3.68	259.1674	{3456, 2770, 2194}	{'[M+H]+', '[M-H2O+H]+', '[M+Na]+'}	236.1778	annotated	not interesting
708	1185.0	0.00038512681947484867	3.68	367.2095	{8560, 7844, 7004, 8428}	{'[M+H]+', '[M+Na]+', '[M-H2O+H]+', '[M+NH4]+'}	344.2197	non anotated	not interesting
12263	8832x	0.00019602562825376654	3.69	377.2302	{8832}	{nan}	0.0	non anotated	not interesting
8530	4154x	0.0022229206338943964	3.69	277.2161	{4154}	{nan}	0.0	non anotated	specific non annotated
711	1188.0	0.0011416667881869237	3.69	329.1728	{3600, 7076, 4726}	{'[M-CO2+H]+', '[M-H2O+H]+', '[M+Na]+'}	306.1831	annotated	not interesting
724	1210.0	0.002698077087981271	3.7	330.2639	{7163, 5069}	{'[2M-2H2O+2H]2+', '[M+NH4]+'}	312.2301	annotated	not interesting
723	1208.0	0.00037254104607189694	3.7	347.1833	{2272, 7896}	{'[M+ACN+NH4]+', '[2M+Na]+'}	162.0951	non anotated	not interesting
4878	1367x	0.0003109357776034485	3.7	196.6088	{1367}	{nan}	0.0	non anotated	not interesting
7868	3271x	0.0003721202761765357	3.71	253.1797	{3271}	{nan}	0.0	annotated	not interesting
7619	2934x	0.0009450378633946362	3.71	243.1577	{2934}	{nan}	0.0	non anotated	not interesting
9091	4854x	0.0008267221772468365	3.72	291.1952	{4854}	{nan}	0.0	non anotated	not interesting
8405	3991x	0.0002680288531980357	3.72	273.1842	{3991}	{nan}	0.0	non anotated	not interesting
13029	9788x	0.00037673739392484287	3.74	411.2706	{9788}	{nan}	0.0	non anotated	not interesting
11421	7745x	0.000253086348101099	3.75	343.2115	{7745}	{nan}	0.0	non anotated	not interesting
740	1235.0	0.0008220596373874397	3.76	349.1994	{7800, 7961, 7007}	{'[M+H]+', '[M+Na]+', '[M+NH4]+'}	326.2097	non anotated	not interesting
7873	3277x	0.00016144740425634064	3.77	253.1798	{3277}	{nan}	0.0	annotated	not interesting
742	1237.0	0.0004756735401078564	3.77	353.2301	{7245, 6189, 5072, 6450, 7931, 8124}	{'[M+H]+', '[M-H2O+H]+', '[M-2H2O+H]+', '[M+Na]+', '[M+NH4]+', '[M-2H2O+Na]+'}	330.241	annotated	not interesting
752	1254.0	0.0011044976297157013	3.79	337.236	{7512, 7286, 5198, 6311}	{'[M+H]+', '[M+Na]+', '[M-H2O+H]+', '[M+NH4]+'}	314.2461	non anotated	not interesting
753	1256.0	0.0003620827274767775	3.79	355.1891	{7334, 8174}	{'[2M+2H]2+', '[M+Na]+'}	332.1984	non anotated	not interesting
763	1268.0	0.00037196425314335547	3.81	365.1946	{8512, 8373}	{'[M+Na]+', '[M+NH4]+'}	342.205	non anotated	not interesting
8281	3838x	0.00020516426776739225	3.82	270.1482	{3838}	{nan}	0.0	non anotated	not interesting
4196	12640x	0.00027100144850975027	3.82	483.3316	{12640}	{nan}	0.0	non anotated	not interesting
4510	13140x	0.0010603713621669757	3.82	497.2892	{13140}	{nan}	0.0	non anotated	not interesting
7428	2708x	0.000234282733352011	3.83	235.1692	{2708}	{nan}	0.0	annotated	not interesting
11428	7757x	0.00013347163089579426	3.83	343.2477	{7757}	{nan}	0.0	non anotated	not interesting
11810	8257x	0.00039698659465984854	3.83	357.2264	{8257}	{nan}	0.0	non anotated	not interesting
775	1282.0	0.00034288582040570357	3.83	295.191	{1889, 5060}	{'[2M+H]+', '[M+HFA+NH4]+'}	147.0926	annotated	not interesting
7874	3278x	0.00014832737356260085	3.84	253.1798	{3278}	{nan}	0.0	annotated	not interesting
11749	8187x	0.00024359022270159774	3.85	355.2477	{8187}	{nan}	0.0	non anotated	not interesting
786	1297.0	0.00013590439371413148	3.85	349.1988	{7804, 7959}	{'[M+Na]+', '[M+NH4]+'}	326.2099	non anotated	not interesting
788	1300.0	0.0005004710023304986	3.85	363.2144	{8298, 8454}	{'[M+Na]+', '[M+NH4]+'}	340.2251	non anotated	not interesting
8662	4327x	0.0004245472795781751	3.86	281.2111	{4327}	{nan}	0.0	non anotated	not interesting
791	1306.0	0.0037655821417407914	3.86	331.1883	{7206, 5927, 7207, 6956, 5933, 6171, 4862}	{'[M+H]+', '[M-H2O+Na]+', '[M+Na]+', '[2M-2H2O+2H]2+', '[M+NH4]+'}	308.1993	annotated	specific annotated
12480	9117x	0.00026508432574054224	3.86	388.2693	{9117}	{nan}	0.0	non anotated	not interesting
3305	11364x	0.0009426330592285634	3.86	451.2676	{11364}	{nan}	0.0	non anotated	not interesting
806	1333.0	0.000603641380591146	3.88	273.1849	{3995}	{'[M+Na]+'}	250.1948	non anotated	not interesting
834	1383.0	0.0017026146308984386	3.89	297.2427	{5196}	{'[M-H2O+H]+'}	0.0	non anotated	specific non annotated
11073	7287x	0.0009957727086954212	3.89	332.2799	{7287}	{nan}	0.0	non anotated	not interesting
11231	7505x	0.0016553258746898822	3.89	337.2353	{7505}	{nan}	0.0	non anotated	specific non annotated
10284	6313x	0.0021819176603573355	3.89	315.2533	{6313}	{nan}	0.0	non anotated	specific non annotated
11900	8372x	0.0002046792635103835	3.9	360.2383	{8372}	{nan}	0.0	non anotated	not interesting
5189	1412x	0.00040770491425914804	3.9	197.617	{1412}	{nan}	0.0	non anotated	not interesting
11420	7744x	0.00020897329103770397	3.9	343.2115	{7744}	{nan}	0.0	non anotated	not interesting
8624	4280x	0.00031494670643708995	3.9	280.2352	{4280}	{nan}	0.0	non anotated	not interesting
819	1361.0	0.0004087371678883624	3.91	383.241	{7758, 8976, 8856, 8412, 6910}	{'[M+H]+', '[M-H2O+H]+', '[M+Na]+', '[M-2H2O+H]+', '[M+NH4]+'}	360.2515	non anotated	not interesting
8601	4249x	0.0015876426791441942	3.91	279.2321	{4249}	{nan}	0.0	annotated	specific annotated
10183	6191x	0.0012853622781258578	3.92	313.2375	{6191}	{nan}	0.0	non anotated	not interesting
831	1379.0	0.00029887095065821053	3.94	351.2153	{7109, 8047}	{'[M+H]+', '[M+Na]+'}	328.2257	non anotated	not interesting
2598	1045x	0.0001563214703217024	3.94	185.1173	{1045}	{nan}	0.0	non anotated	not interesting
840	1392.0	0.0004489217760607094	3.95	321.2052	{5317, 6703}	{'[M+H]+', '[M+Na]+'}	298.2154	non anotated	not interesting
11234	7510x	0.0009305352532924667	3.96	337.2358	{7510}	{nan}	0.0	non anotated	not interesting
8091	3601x	0.00016604873494342504	3.96	263.2007	{3601}	{nan}	0.0	non anotated	not interesting
855	1418.0	0.0017032114048336126	3.97	295.2271	{5076, 4045}	{'[M+ACN+NH4]+', '[M+K]+'}	236.1657	annotated	not interesting
10983	7170x	0.00017752200603616638	3.97	330.2644	{7170}	{nan}	0.0	non anotated	not interesting
10285	6315x	0.0014798830739052068	3.99	315.2535	{6315}	{nan}	0.0	non anotated	not interesting
7553	2855x	0.00019173994729760666	3.99	240.196	{2855}	{nan}	0.0	non anotated	not interesting
2766	1065x	0.0003241118790747375	3.99	186.109	{1065}	{nan}	0.0	non anotated	not interesting
5221	1417x	0.0003573748392913968	3.99	197.6171	{1417}	{nan}	0.0	non anotated	not interesting
9366	5205x	0.0016384673356756784	3.99	297.243	{5205}	{nan}	0.0	non anotated	specific non annotated
8607	4257x	0.0009147062231015439	3.99	279.2323	{4257}	{nan}	0.0	annotated	not interesting
11075	7291x	0.0008742874505176404	3.99	332.2803	{7291}	{nan}	0.0	non anotated	not interesting
11658	8053x	0.0004115804031527047	4.0	351.253	{8053}	{nan}	0.0	non anotated	not interesting
7626	2945x	0.0005580871056200927	4.01	243.1959	{2945}	{nan}	0.0	non anotated	not interesting
7202	2423x	0.00034738340628272214	4.01	225.1851	{2423}	{nan}	0.0	non anotated	not interesting
893	1493.0	0.0002799501061331329	4.04	413.2889	{1638, 9871}	{'[M+H]+', '[2M-H2O+Na]+'}	204.1533	non anotated	not interesting
8282	3839x	0.00043641201312228034	4.04	270.1485	{3839}	{nan}	0.0	non anotated	not interesting
4197	12641x	0.00036100767848623757	4.04	483.332	{12641}	{nan}	0.0	non anotated	not interesting
907	1517.0	0.0001656669412923166	4.06	415.2112	{9939, 9764, 9206}	{'[M+H]+', '[M+Na]+', '[M+NH4]+'}	392.2206	non anotated	not interesting
12140	8687x	0.0003632065631792286	4.06	371.2434	{8687}	{nan}	0.0	non anotated	not interesting
908	1518.0	0.00036791325604589644	4.07	339.253	{7584, 4339, 6478}	{'[M+H]+', '[M+Na]+', '[M-2H2O+H]+'}	316.2624	annotated	not interesting
3375	11449x	0.0004277656973481521	4.12	453.2832	{11449}	{nan}	0.0	non anotated	not interesting
945	1568.0	0.0003317459517403263	4.12	405.2252	{9552, 8980}	{'[M+H]+', '[M+Na]+'}	382.2359	non anotated	not interesting
952	1580.0	0.0016718673738617697	4.13	377.2307	{8833, 7515, 8188}	{'[M+H]+', '[M-H2O+H]+', '[M+Na]+'}	354.2408	annotated	specific annotated
951	1578.0	0.00042510240919967323	4.13	281.1727	{3466, 4316, 2887}	{'[M+H]+', '[M-H2O+H]+', '[M+Na]+'}	258.1834	non anotated	not interesting
10084	6067x	0.0011620864915442587	4.17	311.2219	{6067}	{nan}	0.0	annotated	not interesting
11019	7216x	0.00011551067156822739	4.17	331.1895	{7216}	{nan}	0.0	non anotated	not interesting
994	1635.0	0.0011521762664229546	4.18	339.2518	{5320, 6476, 4338, 7379, 7581}	{'[M+H]+', '[M+Na]+', '[M-2H2O+H]+', '[2M-2H2O+2H]2+', '[M+NH4]+'}	316.2618	annotated	not interesting
1013	1668.0	0.00027287668221495095	4.18	263.2006	{3595}	{'[2M-CO2+K]+'}	134.1114	annotated	not interesting
8099	3612x	0.00010253739649838768	4.19	263.2372	{3612}	{nan}	0.0	non anotated	not interesting
982	1618.0	0.00047420040571486213	4.19	315.2533	{6314}	{'[M+H]+'}	314.2468	non anotated	not interesting
996	1644.0	0.0010725740610093835	4.19	409.2564	{9098, 9709, 9518, 8055, 8630, 8631, 8057}	{'[M+H]+', '[M-H2O+H]+', '[M+Na]+', '[M-2H2O+H]+', '[M+NH4]+'}	386.2669	annotated	not interesting
6660	1766x	0.0003741215230367127	4.19	207.6302	{1766}	{nan}	0.0	non anotated	not interesting
1016	1671.0	0.0011532825117561987	4.2	287.2218	{3793, 4625}	{'[2M-H2O+K]+', '[2M+K]+'}	124.1287	non anotated	not interesting
1042	1707.0	0.0006872221969620471	4.24	457.331	{4329, 11663}	{'[2M+Na]+', '[M+HFA+NH4]+'}	217.1715	non anotated	not interesting
7824	3214x	0.00018523502876489025	4.25	251.1643	{3214}	{nan}	0.0	annotated	not interesting
1049	1722.0	0.0002618039432387702	4.25	337.2357	{6312, 5202, 7288, 7508}	{'[M+H]+', '[M+Na]+', '[M-H2O+H]+', '[M+NH4]+'}	314.2462	non anotated	not interesting
1056	1735.0	0.0006465086086096741	4.26	353.2688	{7323, 7324, 8134}	{'[M+ACN+NH4]+', '[M+K]+'}	294.209	non anotated	not interesting
1065	1751.0	0.00042971943840585346	4.28	393.2618	{9209, 9211}	{'[M+Na]+'}	370.2723	non anotated	not interesting
9092	4855x	0.00042302565361369257	4.29	291.1952	{4855}	{nan}	0.0	non anotated	not interesting
1073	1765.0	0.004480770546562278	4.29	627.392	{4160, 6447, 5008, 6128, 3471, 14359, 15193}	{'[M-H2O+H]+', '[2M+K]+', '[M-H2O+NH4]+', '[M+Na]+', '[M-2H2O+H]+', '[2M-2H2O+H]+', '[M+NH4]+'}	294.2188	annotated	not interesting
1085	1787.0	0.00019487843218684016	4.3	433.3316	{3786, 10647}	{'[2M+Na]+', '[M+HFA+NH4]+'}	205.1713	non anotated	not interesting
1071	1760.0	0.00031923028599343845	4.3	333.2045	{7329, 7330, 4967, 7337, 6069}	{'[M+H]+', '[M-H2O+H]+', '[M+Na]+'}	310.2146	annotated	not interesting
1101	1805.0	0.0011855740615418315	4.31	339.2513	{5322, 6477, 4336, 7378, 5588, 7580}	{'[M+H]+', '[M-2H2O+H]+', '[M+Na]+', '[2M-2H2O+2H]2+', '[M+NH4]+', '[M-2H2O+Na]+'}	316.2621	annotated	not interesting
7968	3403x	0.00033615526111684503	4.34	257.2106	{3403}	{nan}	0.0	non anotated	not interesting
9878	5814x	0.0011091313343557774	4.34	307.1904	{5814}	{nan}	0.0	non anotated	not interesting
1113	1827.0	0.004038123072210612	4.35	339.1935	{5081, 6451, 7571}	{'[M+H]+', '[M-H+2Na]+', '[M+Na]+'}	294.2215	annotated	specific annotated
1120	1837.0	0.0011771146286835056	4.36	635.3959	{15241, 3346}	{'[M-CO2+H]+', '[2M+K]+'}	298.2156	annotated	not interesting
1115	1832.0	0.0006367525353312688	4.36	337.2364	{7292, 7514, 5204, 6318}	{'[M+H]+', '[M+Na]+', '[M-H2O+H]+', '[M+NH4]+'}	314.2467	non anotated	not interesting
1121	1838.0	0.0006698265909202286	4.36	395.2772	{1649, 9259}	{'[M+H]+', '[2M-2H2O+Na]+'}	204.1532	non anotated	not interesting
11813	8264x	0.0004906056975815651	4.37	357.2646	{8264}	{nan}	0.0	non anotated	not interesting
1130	1849.0	0.0003046603248467554	4.38	509.3248	{12129, 13503, 12811, 12109, 2719, 13374, 11391}	{'[M+H]+', '[M-H2O+H]+', '[M-H2O+2H]2+', '[M-2H2O+H]+', '[M+Na]+', '[M+NH4]+'}	486.335	annotated	not interesting
1137	1862.0	0.00014641399886054427	4.39	319.1887	{6591, 4236, 6236}	{'[M+Na]+', '[M-H2O+H]+', '[M+NH4]+'}	296.1993	non anotated	not interesting
1139	1866.0	0.0007112147817373036	4.39	355.2847	{8200, 7298}	{'[M-H2O+NH4]+', '[M+Na]+'}	332.2944	annotated	not interesting
12296	8876x	0.0009363888913567015	4.39	379.2457	{8876}	{nan}	0.0	non anotated	not interesting
8242	3795x	0.0003832649556308069	4.4	269.2114	{3795}	{nan}	0.0	non anotated	not interesting
9123	4894x	8.151361152900664e-05	4.41	292.1993	{4894}	{nan}	0.0	non anotated	not interesting
4207	1265x	0.0002782351041635434	4.41	193.1227	{1265}	{nan}	0.0	non anotated	not interesting
1156	1892.0	0.0005553857148430129	4.42	391.2471	{9170, 9171, 8633, 8634, 8059}	{'[M+H]+', '[M-H2O+H]+', '[M+Na]+'}	368.2575	non anotated	not interesting
3726	11956x	0.0003936023079721822	4.43	465.3227	{11956}	{nan}	0.0	non anotated	not interesting
1166	1909.0	0.0032602775361617632	4.44	309.2066	{5936, 5934}	{'[M+H]+'}	308.1996	non anotated	specific non annotated
1174	1920.0	9.730493457949532e-05	4.45	411.2728	{9793, 8139, 8695}	{'[M+Na]+', '[M-H2O+H]+', '[M-2H2O+H]+'}	388.2838	non anotated	not interesting
1179	1930.0	0.00016707775973641252	4.46	293.2113	{4969, 3298, 3901}	{'[M+H]+', '[M-H2O+H]+', '[M+Na]+'}	270.2206	annotated	not interesting
1187	1940.0	0.0006188968643981797	4.47	371.1844	{8679, 7963, 7215}	{'[M+H]+', '[M-H2O+H]+', '[M+Na]+'}	348.1942	non anotated	not interesting
11650	8029x	7.113098169534886e-05	4.48	351.1844	{8029}	{nan}	0.0	non anotated	not interesting
1195	1956.0	0.0006278604266129205	4.48	379.2456	{8260, 8875, 6714, 8764, 7582}	{'[M+H]+', '[M-H2O+H]+', '[M+Na]+', '[M-2H2O+H]+', '[M+NH4]+'}	356.2559	annotated	not interesting
6584	1679x	5.5138783121606536e-05	4.49	205.615	{1679}	{nan}	0.0	non anotated	not interesting
4932	1374x	0.00041052285598924473	4.49	196.6094	{1374}	{nan}	0.0	non anotated	not interesting
1202	1972.0	0.000801820382884687	4.49	318.2151	{5130, 4203, 6542}	{'[M+H]+', '[M-H2O+H]+', '[M+Na]+'}	295.2244	non anotated	not interesting
10689	6803x	0.0001580847513616755	4.5	323.2219	{6803}	{nan}	0.0	non anotated	not interesting
1218	1998.0	0.004626640454053142	4.51	397.2018	{7171, 9319, 5065, 4171, 6448, 6194, 7413, 5080, 7422}	{'[2M+2H]2+', '[M-H2O+H]+', '[M+HFA+K]+', '[M-H2O+Na]+', '[M-2H2O+H]+', '[M+Na]+', '[M+NH4]+'}	312.2309	annotated	not interesting
1244	2038.0	0.0001768848273770925	4.56	603.4816	{3338, 14982}	{'[2M+Na]+', '[M-2H2O+H]+'}	290.246	annotated	not interesting
1243	2037.0	0.00022502259928328417	4.56	391.2464	{8632, 9168}	{'[2M+2H]2+', '[M+Na]+'}	368.2568	non anotated	not interesting
1246	2041.0	0.001039622547724026	4.57	293.2102	{3290, 4957, 3895}	{'[M+H]+', '[M-H2O+H]+', '[M+Na]+'}	270.2201	annotated	not interesting
1261	2062.0	0.006403981983774861	4.58	557.455	{7658, 4245, 14423}	{'[M+HFA+K]+', '[2M-H+2Na]+', '[M+Na]+'}	256.2415	non anotated	not interesting
1264	2068.0	0.0001852492545332757	4.59	547.4491	{7513, 14263}	{'[2M+H]+', '[M+ACN+Na]+'}	273.2207	non anotated	not interesting
1266	2072.0	0.0002945401958566601	4.59	395.2767	{9258}	{'[M+Na]+'}	372.2876	non anotated	not interesting
1272	2081.0	0.00048758263325752863	4.59	355.2844	{8197}	{'[M+ACN+NH4]+'}	296.2241	annotated	not interesting
1282	2094.0	0.000184638305003588	4.62	255.2319	{3337}	{'[M+ACN+NH4]+'}	196.1739	annotated	not interesting
1299	2119.0	0.000989702496588837	4.63	393.262	{8131, 9212}	{'[M-H2O+H]+', '[M+Na]+'}	370.272	non anotated	not interesting
4198	12642x	0.00016721450419716666	4.63	483.3322	{12642}	{nan}	0.0	non anotated	not interesting
1305	2125.0	0.0003454069394124548	4.64	459.3464	{11751, 11467, 3887}	{'[2M-H+2Na]+', '[M+HFA+NH4]+', '[2M+K]+'}	207.1872	annotated	not interesting
11362	7674x	0.0005716185561605952	4.65	341.2686	{7674}	{nan}	0.0	non anotated	not interesting
1313	2136.0	0.00041800631849700997	4.65	507.329	{12044, 13437}	{'[M-H2O+H]+', '[M+Na]+'}	484.3394	non anotated	not interesting
11884	8349x	0.00022582763905790228	4.66	359.2791	{8349}	{nan}	0.0	annotated	not interesting
8814	4514x	0.00013930367353528285	4.66	285.2063	{4514}	{nan}	0.0	non anotated	not interesting
1321	2151.0	0.0005010529307023991	4.67	337.205	{1320, 7503}	{'[2M-H2O+H]+', '[M+NH4]+'}	177.1041	non anotated	not interesting
1332	2171.0	0.00022092869171973467	4.68	411.2724	{9588, 9789}	{'[M+Na]+', '[M+NH4]+'}	388.2828	non anotated	not interesting
1342	2184.0	0.0014903361803204572	4.69	321.2414	{6711, 5319, 6376, 5323, 4342, 4343, 3611}	{'[M+H]+', '[M-H2O+H]+', '[M+Na]+', '[M-2H2O+H]+', '[M+NH4]+'}	298.2512	annotated	not interesting
1339	2181.0	0.0002538227234563213	4.69	318.2125	{5129, 6538, 4199}	{'[M+H]+', '[M-H2O+H]+', '[M+Na]+'}	295.2231	non anotated	not interesting
4893	1369x	0.00019199319253750585	4.69	196.609	{1369}	{nan}	0.0	non anotated	not interesting
1334	2174.0	0.005474058261438716	4.69	611.4278	{6441, 3469, 5070, 15055, 7325, 4158}	{'[M+H]+', '[M-H2O+H]+', '[2M+Na]+', '[M+K]+', '[M+Na]+', '[M-2H2O+H]+'}	294.2195	annotated	not interesting
7917	3336x	0.00018835921705203678	4.7	255.2317	{3336}	{nan}	0.0	annotated	not interesting
8694	4375x	0.0002979940766560544	4.71	282.251	{4375}	{nan}	0.0	non anotated	not interesting
12333	8927x	0.0002584517530720981	4.71	381.2617	{8927}	{nan}	0.0	non anotated	not interesting
9731	5626x	0.00018300396491158664	4.72	304.1741	{5626}	{nan}	0.0	non anotated	not interesting
11363	7675x	0.00019754256148552443	4.73	341.2689	{7675}	{nan}	0.0	non anotated	not interesting
1356	2205.0	0.0011180975823483668	4.73	301.2161	{5423, 4247}	{'[M+H]+', '[M+Na]+'}	278.2258	non anotated	not interesting
1362	2218.0	0.0002610438828646074	4.74	293.2099	{4689, 3892, 3894, 3286, 4955, 3294}	{'[M+H]+', '[M+Na]+', '[M-H2O+H]+', '[M+NH4]+'}	270.2199	annotated	not interesting
1369	2230.0	0.000528838217482579	4.75	411.2718	{9792, 9589, 8694}	{'[M+Na]+', '[M-H2O+H]+', '[M+NH4]+'}	388.2826	non anotated	not interesting
10743	6869x	0.0007761948156633745	4.78	324.6878	{6869}	{nan}	0.0	non anotated	not interesting
11885	8350x	0.0003764411909963855	4.78	359.2795	{8350}	{nan}	0.0	annotated	not interesting
4311	12810x	0.0038066370599922888	4.78	487.3414	{12810}	{nan}	0.0	non anotated	not interesting
1389	2266.0	0.0015791060375512284	4.78	333.1832	{5314, 6440, 5068, 3472, 4156, 7326}	{'[M+H]+', '[M-H2O+H]+', '[M-H2O+Na]+', '[M+K]+', '[M+Na]+', '[M-2H2O+H]+'}	294.2202	annotated	not interesting
9368	5207x	0.00047895795127640163	4.79	297.2435	{5207}	{nan}	0.0	non anotated	not interesting
1394	2274.0	0.0005141007641458806	4.79	381.2618	{7672, 8928}	{'[M-H2O+H]+', '[M+Na]+'}	358.272	non anotated	not interesting
1392	2270.0	0.000190746746649155	4.79	255.2317	{1497, 3335}	{'[M+HFA+K]+', '[2M+Na]+'}	116.1214	annotated	not interesting
10282	6309x	0.0001781255563954511	4.79	315.253	{6309}	{nan}	0.0	annotated	not interesting
10171	6167x	0.0002972914948792581	4.81	313.1799	{6167}	{nan}	0.0	non anotated	not interesting
1412	2300.0	8.826574853418594e-05	4.81	453.3363	{11464, 3893, 3158}	{'[2M+K]+', '[M+HFA+NH4]+', '[M+ACN+H]+'}	207.1872	annotated	not interesting
8906	4623x	0.00022066842508917389	4.83	287.2216	{4623}	{nan}	0.0	non anotated	not interesting
4903	1370x	8.712508392481914e-05	4.86	196.609	{1370}	{nan}	0.0	non anotated	not interesting
1433	2324.0	0.002910845737287705	4.86	317.209	{4161, 6442, 5071}	{'[M+H]+', '[M-H2O+H]+', '[M+Na]+'}	294.2197	annotated	not interesting
7880	3285x	0.00012325920559263877	4.87	253.2161	{3285}	{nan}	0.0	non anotated	not interesting
1467	2370.0	0.00037262741596526456	4.9	561.4881	{3010, 14469, 5255, 4340, 3613}	{'[2M+2H]2+', '[M-2H2O+H]+', '[2M+H]+', '[2M-2H2O+2H]2+', '[M+NH4]+'}	280.2404	annotated	not interesting
1479	2387.0	0.0002911360757325726	4.92	255.232	{3341}	{'[2M+Na]+'}	116.1215	annotated	not interesting
11756	8195x	0.00016993872703736468	4.92	355.2847	{8195}	{nan}	0.0	annotated	not interesting
12297	8879x	0.0002604157650165176	4.94	379.2839	{8879}	{nan}	0.0	non anotated	not interesting
9408	5250x	0.0008752364450335449	4.96	298.2462	{5250}	{nan}	0.0	non anotated	not interesting
8627	4283x	0.00040030662927744185	4.96	280.2355	{4283}	{nan}	0.0	non anotated	not interesting
3849	12134x	0.0002456322992878835	4.97	469.3522	{12134}	{nan}	0.0	non anotated	not interesting
8672	4349x	0.0001515449915020316	4.98	281.2482	{4349}	{nan}	0.0	annotated	not interesting
1515	2440.0	0.0011394468599817773	4.98	381.2038	{8920, 6606}	{'[M+HFA+K]+', '[M+Na]+'}	296.2355	non anotated	not interesting
1518	2447.0	0.001394040537445272	4.98	317.2097	{5073, 4164, 6445}	{'[M+H]+', '[M-H2O+H]+', '[M+Na]+'}	294.22	annotated	not interesting
1520	2450.0	0.004552644322917048	4.98	337.2357	{4248, 7289, 5203, 7509}	{'[M+NH4]+', '[M+Na]+', '[M-H2O+H]+', '[M-2H2O+H]+'}	314.2462	annotated	not interesting
1521	2451.0	0.0002133009350591967	4.98	197.6171	{1418}	{'[M-2H2O+Na]+'}	210.6464	non anotated	not interesting
8568	4202x	0.00025759007585031884	4.98	278.22	{4202}	{nan}	0.0	non anotated	not interesting
7884	3296x	0.00010136727097200352	4.99	253.2165	{3296}	{nan}	0.0	non anotated	not interesting
12598	9262x	0.00023886078631393852	4.99	395.278	{9262}	{nan}	0.0	non anotated	not interesting
1524	2454.0	0.0001142654593668444	4.99	271.2272	{3900}	{'[M-2H2O+H]+'}	306.2413	non anotated	not interesting
10805	6944x	0.00010651603106695154	5.01	325.6961	{6944}	{nan}	0.0	non anotated	not interesting
11715	8138x	0.00029004899681839383	5.03	353.2689	{8138}	{nan}	0.0	non anotated	not interesting
1560	2513.0	0.00014455313849394045	5.04	469.3526	{3229, 12135}	{'[2M-2H2O+K]+', '[M+NH4]+'}	233.2044	non anotated	not interesting
1563	2517.0	0.00014833809601416607	5.04	341.2691	{1004, 7676}	{'[M+ACN+2H]2+', '[M+NH4]+'}	323.2352	non anotated	not interesting
1559	2512.0	0.0006635664854655281	5.04	307.2631	{4441, 5822}	{'[M+NH4]+', '[M+ACN+H]+'}	265.2295	annotated	not interesting
5234	1419x	0.00010869055782083774	5.05	197.6171	{1419}	{nan}	0.0	non anotated	not interesting
1573	2532.0	0.004002183232628998	5.06	319.225	{6604, 5199}	{'[M+H]+', '[M+Na]+'}	296.2357	annotated	not interesting
12597	9261x	0.00018242002368200173	5.07	395.2779	{9261}	{nan}	0.0	non anotated	not interesting
8748	4439x	0.00014880555712443554	5.11	283.2635	{4439}	{nan}	0.0	annotated	not interesting
1616	2604.0	0.00025494486505274466	5.14	327.2304	{7010, 4350}	{'[M+ACN+Na]+', '[M+NH4]+'}	263.2145	annotated	not interesting
1624	2620.0	0.00015995152929375916	5.15	271.2271	{3898}	{'[M+ACN+NH4]+'}	212.1671	non anotated	not interesting
1620	2610.0	0.0010372193668302797	5.16	338.2694	{4256, 6243, 6603, 7533, 5200, 4251}	{'[M+H]+', '[M-H2O+H]+', '[M+ACN+H]+', '[M+Na]+', '[M+NH4]+'}	296.2356	annotated	not interesting
11714	8137x	0.00023573807077750244	5.16	353.2688	{8137}	{nan}	0.0	non anotated	not interesting
1631	2635.0	0.002190885206967786	5.19	411.3266	{7430, 8136, 9804, 8658, 8790}	{'[M+ACN+NH4]+', '[M+H]+', '[M-H2O+H]+', '[M+Na]+', '[M+NH4]+'}	352.2627	non anotated	not interesting
4823	1359x	0.00042467572469023643	5.24	196.1115	{1359}	{nan}	0.0	non anotated	not interesting
9499	5366x	0.0002122654939134146	5.24	300.262	{5366}	{nan}	0.0	non anotated	not interesting
10697	6810x	0.00020309397575667395	5.25	323.2587	{6810}	{nan}	0.0	non anotated	not interesting
10286	6316x	0.0005328216687428452	5.28	315.2536	{6316}	{nan}	0.0	non anotated	not interesting
7922	3347x	0.00047591511254402855	5.28	255.2323	{3347}	{nan}	0.0	annotated	not interesting
1673	2699.0	0.00013849586534349766	5.29	329.2483	{4446, 7119}	{'[M+ACN+Na]+', '[M+NH4]+'}	265.2312	annotated	not interesting
3792	12046x	0.00039192393292907895	5.29	467.337	{12046}	{nan}	0.0	non anotated	not interesting
12745	9440x	0.00033851073256122407	5.31	401.2902	{9440}	{nan}	0.0	non anotated	not interesting
9364	5197x	0.0004192584222272685	5.32	297.2427	{5197}	{nan}	0.0	annotated	not interesting
1690	2732.0	0.00013929627436487987	5.33	298.1935	{5242, 3899}	{'[M+H]+', '[M-CO2+NH4]+'}	297.1847	non anotated	not interesting
8605	4253x	0.003074576067472467	5.33	279.2323	{4253}	{nan}	0.0	non anotated	not interesting
11927	8404x	0.00025485334200759264	5.33	361.2357	{8404}	{nan}	0.0	non anotated	not interesting
7883	3295x	0.00010184376042781058	5.35	253.2165	{3295}	{nan}	0.0	non anotated	not interesting
9341	5163x	0.0002224757883027165	5.35	297.1849	{5163}	{nan}	0.0	non anotated	not interesting
10014	5979x	0.0006181056814664184	5.35	309.7103	{5979}	{nan}	0.0	non anotated	not interesting
11194	7454x	0.0002871706575521477	5.35	336.1921	{7454}	{nan}	0.0	non anotated	not interesting
1716	2772.0	0.0010595028229303633	5.35	518.3606	{11589, 13718}	{'[M+H]+', '[M+ACN+Na]+'}	454.345	annotated	not interesting
1715	2771.0	0.016669361381613332	5.35	473.3629	{12312, 10759}	{'[M+ACN+NH4]+', '[M+Na]+'}	414.3007	annotated	not interesting
5313	14324x	0.00019965780338265573	5.35	551.3777	{14324}	{nan}	0.0	non anotated	not interesting
10443	6501x	0.0027037737408545466	5.36	317.6987	{6501}	{nan}	0.0	non anotated	specific non annotated
9836	5756x	0.000205370305296643	5.36	306.1905	{5756}	{nan}	0.0	non anotated	not interesting
1722	2782.0	0.0004983500937372469	5.37	303.2323	{5586, 4341}	{'[2M+2H]2+', '[M+Na]+'}	280.2419	annotated	not interesting
11758	8198x	0.0002738233303644931	5.37	355.2846	{8198}	{nan}	0.0	annotated	not interesting
1723	2783.0	0.00012181108139908386	5.37	325.2743	{6915, 2302}	{'[2M+H]+', '[M+ACN+NH4]+'}	162.1318	non anotated	not interesting
7919	3340x	0.00024738153754653335	5.39	255.232	{3340}	{nan}	0.0	annotated	not interesting
10946	7123x	0.00023666097488001949	5.43	329.2689	{7123}	{nan}	0.0	annotated	not interesting
10356	6394x	0.000286512376352834	5.44	316.6902	{6394}	{nan}	0.0	non anotated	not interesting
1777	2871.0	0.0010653318462833252	5.49	300.2902	{5369, 4351}	{'[M+Na]+', '[M+ACN+H]+'}	258.2577	annotated	not interesting
1782	2877.0	0.0004726361614733078	5.5	363.2516	{8456, 8304, 6811, 7678, 5727}	{'[2M+2H]2+', '[M+Na]+', '[M-2H2O+H]+', '[2M-2H2O+2H]2+', '[M+NH4]+'}	340.262	non anotated	not interesting
1795	2898.0	0.0003274329761978534	5.54	297.2429	{5201, 4007}	{'[M+HFA+H]+', '[M+Na]+'}	250.2314	annotated	not interesting
1797	2901.0	0.0016006505505744102	5.54	493.3287	{13024, 12230, 12843, 12238, 11477, 10718}	{'[M+H]+', '[M-H2O+H]+', '[M+Na]+', '[M-2H2O+H]+', '[M+NH4]+'}	470.3401	annotated	not interesting
1803	2911.0	0.0007357160705455307	5.55	347.2577	{5824, 6916, 7910}	{'[M+H]+', '[M-H2O+H]+', '[M+Na]+'}	324.2675	annotated	not interesting
8695	4377x	0.00016415486016911173	5.57	282.2514	{4377}	{nan}	0.0	non anotated	not interesting
9466	5326x	0.00011010629625578402	5.57	299.2587	{5326}	{nan}	0.0	non anotated	not interesting
1828	2952.0	0.011083181634625076	5.57	279.2323	{4254}	{'[M+HFA+NH4]+'}	215.1942	non anotated	not interesting
7433	2714x	0.00010843475371347172	5.59	235.1693	{2714}	{nan}	0.0	annotated	not interesting
1834	2960.0	0.0003703754650242299	5.61	372.3102	{8720, 7517}	{'[M-H2O+H]+', '[M+NH4]+'}	354.2768	non anotated	not interesting
6968	2130x	0.00019141434838302503	5.62	217.6325	{2130}	{nan}	0.0	non anotated	not interesting
5119	1402x	0.0007086913311212113	5.62	197.1192	{1402}	{nan}	0.0	non anotated	not interesting
8102	3616x	0.0014750251215717848	5.62	263.2373	{3616}	{nan}	0.0	non anotated	not interesting
1846	2978.0	0.0006220895459232767	5.63	486.3804	{12137, 12774}	{'[M+H]+', '[M+NH4]+'}	468.3467	non anotated	not interesting
9465	5325x	0.0001305239336301585	5.64	299.2586	{5325}	{nan}	0.0	non anotated	not interesting
11966	8457x	0.0004957468666648352	5.67	363.252	{8457}	{nan}	0.0	non anotated	not interesting
1881	3029.0	0.00041752624308506427	5.71	417.2617	{10001, 8835, 9260, 9846}	{'[M+H]+', '[M+Na]+', '[M-H2O+H]+', '[M+NH4]+'}	394.2719	non anotated	not interesting
7923	3348x	0.0005193737724560757	5.77	255.2324	{3348}	{nan}	0.0	annotated	not interesting
4280	12772x	0.00024352602965960942	5.79	486.3788	{12772}	{nan}	0.0	non anotated	not interesting
1909	3075.0	0.000502729269276584	5.81	518.3837	{13308, 13721, 12652}	{'[M+H]+', '[M-H2O+H]+', '[M+NH4]+'}	500.3502	annotated	not interesting
8754	4450x	0.00017365300432910585	5.81	283.264	{4450}	{nan}	0.0	annotated	not interesting
11048	7258x	0.001031583571912213	5.84	331.2848	{7258}	{nan}	0.0	non anotated	not interesting
10194	6206x	0.0002727946626914174	5.84	313.2743	{6206}	{nan}	0.0	non anotated	not interesting
3930	12240x	0.00027818714384481654	5.89	471.3683	{12240}	{nan}	0.0	non anotated	not interesting
11294	7589x	8.963133965987134e-05	5.93	339.2898	{7589}	{nan}	0.0	annotated	not interesting
6585	1680x	0.0006968188648980253	5.93	205.6328	{1680}	{nan}	0.0	non anotated	not interesting
10645	6755x	0.00023027909448681614	5.93	322.2749	{6755}	{nan}	0.0	non anotated	not interesting
1979	3180.0	0.009113405597745648	5.93	353.2681	{7259, 8132, 6205}	{'[M+H]+', '[M-H2O+H]+', '[M+Na]+'}	330.2779	non anotated	not interesting
1974	3171.0	0.0014468492754699353	5.93	329.2074	{3621, 7094}	{'[M-CO2+H]+', '[M+Na]+'}	306.2191	non anotated	not interesting
8669	4345x	0.0050998960562461055	5.93	281.2481	{4345}	{nan}	0.0	annotated	not interesting
6978	2143x	0.0003013370584415309	5.93	218.1573	{2143}	{nan}	0.0	non anotated	not interesting
1981	3182.0	0.0002685370554922871	5.94	455.2216	{1296, 11542}	{'[M+H]+', '[2M+HFA+Na]+'}	193.1155	non anotated	not interesting
7209	2430x	0.00027080909369050674	5.94	226.1461	{2430}	{nan}	0.0	non anotated	not interesting
7540	2843x	0.0005638407501090371	5.94	239.2372	{2843}	{nan}	0.0	non anotated	not interesting
7162	2377x	0.00018442750981071952	5.94	224.1265	{2377}	{nan}	0.0	non anotated	not interesting
11833	8283x	0.0006059449220781096	5.95	357.3004	{8283}	{nan}	0.0	annotated	not interesting
9464	5324x	0.00015783353668788613	5.96	299.2586	{5324}	{nan}	0.0	non anotated	not interesting
7920	3343x	0.0005570205566737333	5.97	255.2321	{3343}	{nan}	0.0	annotated	not interesting
7962	3395x	0.00011189216144092009	6.01	257.175	{3395}	{nan}	0.0	non anotated	not interesting
6992	2157x	0.00045196632660753544	6.04	218.6407	{2157}	{nan}	0.0	non anotated	not interesting
5273	1425x	0.0005219707720655634	6.04	198.1273	{1425}	{nan}	0.0	non anotated	not interesting
2007	3222.0	0.004922703781090441	6.04	374.3272	{7593, 8284, 8766}	{'[M+H]+', '[M-H2O+H]+', '[M+NH4]+'}	356.2933	annotated	not interesting
7470	2759x	0.00014333718356268298	6.04	237.1346	{2759}	{nan}	0.0	non anotated	not interesting
8151	3675x	0.000492438017869271	6.04	265.253	{3675}	{nan}	0.0	annotated	not interesting
2012	3231.0	0.0007161935055317905	6.06	419.2776	{9328, 8882, 10059, 9932}	{'[M+H]+', '[M+Na]+', '[M-H2O+H]+', '[M+NH4]+'}	396.2883	non anotated	not interesting
8103	3617x	0.00010740957755159929	6.09	263.2374	{3617}	{nan}	0.0	non anotated	not interesting
8671	4348x	0.0003952841951863184	6.1	281.2482	{4348}	{nan}	0.0	annotated	not interesting
12062	8588x	0.00017378111298108493	6.25	367.3211	{8588}	{nan}	0.0	non anotated	not interesting
2058	3309.0	0.000826822790617015	6.25	551.4665	{14326, 3415}	{'[M-2H2O+NH4]+', '[2M+H]+'}	275.2324	annotated	not interesting
12300	8883x	9.909558103948295e-05	6.27	379.2847	{8883}	{nan}	0.0	non anotated	not interesting
3850	12136x	6.728168061151925e-05	6.29	469.3536	{12136}	{nan}	0.0	non anotated	not interesting
8150	3674x	0.000734603833861701	6.33	265.253	{3674}	{nan}	0.0	annotated	not interesting
2091	3372.0	0.00047655084501503007	6.33	324.2904	{6856}	{'[M-CO2+NH4]+'}	350.2455	non anotated	not interesting
2097	3381.0	0.004482569132299642	6.33	913.7283	{11703, 13761, 10123, 12332, 10894, 11694, 10896, 10133, 11701, 10135, 12502, 15993, 12503}	{'[M+H]+', '[M-H2O+H]+', '[M+Na]+', '[M-2H2O+H]+', '[2M+H]+', '[M+ACN+Na]+', '[M+NH4]+'}	456.3609	annotated	not interesting
2093	3376.0	0.005164368891355363	6.33	283.2636	{2026, 4442}	{'[M+HFA+K]+', '[2M+Na]+'}	130.1374	annotated	not interesting
11759	8199x	0.002011714015276345	6.37	355.2846	{8199}	{nan}	0.0	non anotated	not interesting
10193	6204x	0.00024404080177967534	6.4	313.2737	{6204}	{nan}	0.0	non anotated	not interesting
2124	3430.0	0.0010329027610606048	6.41	523.3606	{12656, 13722, 13806}	{'[M+Na]+', '[M-H2O+H]+', '[M+NH4]+'}	500.3716	non anotated	not interesting
11894	8362x	0.0001822742095560508	6.41	359.3161	{8362}	{nan}	0.0	annotated	not interesting
2137	3448.0	0.0007885702897093683	6.44	421.293	{10113, 8931, 9988, 9389}	{'[M+H]+', '[M+Na]+', '[M-H2O+H]+', '[M+NH4]+'}	398.3037	non anotated	not interesting
2142	3456.0	0.0005985818473488596	6.46	549.3765	{13912, 13507, 14292, 14187}	{'[M+H]+', '[M+Na]+', '[M-H2O+H]+', '[M+NH4]+'}	526.3873	non anotated	not interesting
11892	8360x	0.001508255099846181	6.5	359.3159	{8360}	{nan}	0.0	annotated	not interesting
8747	4438x	0.00011423590990770016	6.51	283.2635	{4438}	{nan}	0.0	annotated	not interesting
12431	9055x	0.00018658805281136708	6.55	385.3315	{9055}	{nan}	0.0	non anotated	not interesting
7112	2319x	0.0007183075963812723	6.77	222.1713	{2319}	{nan}	0.0	non anotated	not interesting
2399	1019x	0.0004281889287146406	6.82	184.9856	{1019}	{nan}	0.0	non anotated	not interesting
5256	14239x	0.0002534832116222025	6.82	546.4364	{14239}	{nan}	0.0	non anotated	not interesting
11254	7537x	0.0005640125218351852	6.83	338.3419	{7537}	{nan}	0.0	non anotated	not interesting
8615	426x	9.935594506638333e-05	7.23	153.0901	{426}	{nan}	0.0	non anotated	not interesting
7108	2315x	0.00017885643328459413	7.27	222.1712	{2315}	{nan}	0.0	non anotated	not interesting
8575	420x	0.0002913554240948977	7.38	153.0901	{420}	{nan}	0.0	non anotated	not interesting
6836	1981x	0.000749347071950689	7.55	214.1086	{1981}	{nan}	0.0	non anotated	not interesting
6835	1980x	0.0005689689034996558	7.64	214.1086	{1980}	{nan}	0.0	non anotated	not interesting
9997	595x	0.006248515880572696	7.67	164.1011	{595}	{nan}	0.0	non anotated	not interesting
9448	52x	0.0001032733527542094	7.72	112.0357	{52}	{nan}	0.0	non anotated	not interesting
6832	1978x	0.0002372837802004965	7.74	214.1086	{1978}	{nan}	0.0	non anotated	not interesting
10373	640x	0.0018917947721826557	7.84	166.1089	{640}	{nan}	0.0	non anotated	not interesting
9330	514x	0.0034037157817080675	8.0	159.0666	{514}	{nan}	0.0	non anotated	not interesting
6446	159x	0.0018652733062075246	8.01	133.0634	{159}	{nan}	0.0	non anotated	not interesting
10362	639x	0.0012552835731752209	8.04	166.1087	{639}	{nan}	0.0	non anotated	not interesting
11899	836x	0.0012408916997597365	8.05	177.1087	{836}	{nan}	0.0	non anotated	not interesting
6852	199x	0.001893922291921381	8.11	136.0824	{199}	{nan}	0.0	non anotated	not interesting
4239	126x	0.0009645746836908041	8.16	125.0852	{126}	{nan}	0.0	non anotated	not interesting
6875	201x	0.0011855143251202295	8.18	136.0825	{201}	{nan}	0.0	non anotated	not interesting
7225	244x	0.006667680212033133	8.19	140.058	{244}	{nan}	0.0	non anotated	not interesting
4161	125x	0.0006398788988033323	8.6	125.0852	{125}	{nan}	0.0	non anotated	not interesting
4300	127x	0.00022756353696943546	8.78	125.0852	{127}	{nan}	0.0	non anotated	not interesting
