	filename	ATTRIBUTE_Species	ATTRIBUTE_Genus	ATTRIBUTE_Family	ATTRIBUTE_Family	Chemical_class_reported_in_species	Chemical_class_reported_in_genus
0	LQ-01-61-01_pos.mzXML	Catha edulis	Catha	Celastraceae	Celastraceae	{'Stigmastane steroids', 'Pyridine alkaloids', 'Thujane monoterpenoids', 'Dihydroflavonols', 'Monocyclic monoterpenoids', 'Agarofuran sesquiterpenoids', 'Aminoacids', 'Pinane monoterpenoids', 'Monosaccharides', 'Friedelane triterpenoids', 'Fenchane monoterpenoids', 'Isoindole alkaloids', 'Phenylalanine-derived alkaloids', 'Menthane monoterpenoids|Monocyclic monoterpenoids', 'Acyclic monoterpenoids', 'Flavonols', 'Agarofuran sesquiterpenoids|Eudesmane sesquiterpenoids'}	{'Stigmastane steroids', 'Pyridine alkaloids', 'Thujane monoterpenoids', 'Dihydroflavonols', 'Monocyclic monoterpenoids', 'Agarofuran sesquiterpenoids', 'Aminoacids', 'Pinane monoterpenoids', 'Monosaccharides', 'Friedelane triterpenoids', 'Fenchane monoterpenoids', 'Isoindole alkaloids', 'Phenylalanine-derived alkaloids', 'Menthane monoterpenoids|Monocyclic monoterpenoids', 'Acyclic monoterpenoids', 'Flavonols', 'Agarofuran sesquiterpenoids|Eudesmane sesquiterpenoids'}
1	LQ-01-61-02_pos.mzXML	Catha edulis	Catha	Celastraceae	Celastraceae	{'Stigmastane steroids', 'Pyridine alkaloids', 'Thujane monoterpenoids', 'Dihydroflavonols', 'Monocyclic monoterpenoids', 'Agarofuran sesquiterpenoids', 'Aminoacids', 'Pinane monoterpenoids', 'Monosaccharides', 'Friedelane triterpenoids', 'Fenchane monoterpenoids', 'Isoindole alkaloids', 'Phenylalanine-derived alkaloids', 'Menthane monoterpenoids|Monocyclic monoterpenoids', 'Acyclic monoterpenoids', 'Flavonols', 'Agarofuran sesquiterpenoids|Eudesmane sesquiterpenoids'}	{'Stigmastane steroids', 'Pyridine alkaloids', 'Thujane monoterpenoids', 'Dihydroflavonols', 'Monocyclic monoterpenoids', 'Agarofuran sesquiterpenoids', 'Aminoacids', 'Pinane monoterpenoids', 'Monosaccharides', 'Friedelane triterpenoids', 'Fenchane monoterpenoids', 'Isoindole alkaloids', 'Phenylalanine-derived alkaloids', 'Menthane monoterpenoids|Monocyclic monoterpenoids', 'Acyclic monoterpenoids', 'Flavonols', 'Agarofuran sesquiterpenoids|Eudesmane sesquiterpenoids'}
2	LQ-01-61-03_pos.mzXML	Catha edulis	Catha	Celastraceae	Celastraceae	{'Stigmastane steroids', 'Pyridine alkaloids', 'Thujane monoterpenoids', 'Dihydroflavonols', 'Monocyclic monoterpenoids', 'Agarofuran sesquiterpenoids', 'Aminoacids', 'Pinane monoterpenoids', 'Monosaccharides', 'Friedelane triterpenoids', 'Fenchane monoterpenoids', 'Isoindole alkaloids', 'Phenylalanine-derived alkaloids', 'Menthane monoterpenoids|Monocyclic monoterpenoids', 'Acyclic monoterpenoids', 'Flavonols', 'Agarofuran sesquiterpenoids|Eudesmane sesquiterpenoids'}	{'Stigmastane steroids', 'Pyridine alkaloids', 'Thujane monoterpenoids', 'Dihydroflavonols', 'Monocyclic monoterpenoids', 'Agarofuran sesquiterpenoids', 'Aminoacids', 'Pinane monoterpenoids', 'Monosaccharides', 'Friedelane triterpenoids', 'Fenchane monoterpenoids', 'Isoindole alkaloids', 'Phenylalanine-derived alkaloids', 'Menthane monoterpenoids|Monocyclic monoterpenoids', 'Acyclic monoterpenoids', 'Flavonols', 'Agarofuran sesquiterpenoids|Eudesmane sesquiterpenoids'}
3	LQ-01-61-04_pos.mzXML	Catha edulis	Catha	Celastraceae	Celastraceae	{'Stigmastane steroids', 'Pyridine alkaloids', 'Thujane monoterpenoids', 'Dihydroflavonols', 'Monocyclic monoterpenoids', 'Agarofuran sesquiterpenoids', 'Aminoacids', 'Pinane monoterpenoids', 'Monosaccharides', 'Friedelane triterpenoids', 'Fenchane monoterpenoids', 'Isoindole alkaloids', 'Phenylalanine-derived alkaloids', 'Menthane monoterpenoids|Monocyclic monoterpenoids', 'Acyclic monoterpenoids', 'Flavonols', 'Agarofuran sesquiterpenoids|Eudesmane sesquiterpenoids'}	{'Stigmastane steroids', 'Pyridine alkaloids', 'Thujane monoterpenoids', 'Dihydroflavonols', 'Monocyclic monoterpenoids', 'Agarofuran sesquiterpenoids', 'Aminoacids', 'Pinane monoterpenoids', 'Monosaccharides', 'Friedelane triterpenoids', 'Fenchane monoterpenoids', 'Isoindole alkaloids', 'Phenylalanine-derived alkaloids', 'Menthane monoterpenoids|Monocyclic monoterpenoids', 'Acyclic monoterpenoids', 'Flavonols', 'Agarofuran sesquiterpenoids|Eudesmane sesquiterpenoids'}
4	LQ-01-61-05_pos.mzXML	Celastrus orbiculatus	Celastrus	Celastraceae	Celastraceae	{'Oleanane triterpenoids', 'Monocyclic monoterpenoids', 'Agarofuran sesquiterpenoids', 'Cadinane sesquiterpenoids', 'Carotenoids (C40, Ψ-Ψ)', 'Menthane monoterpenoids', 'Abeoabietane diterpenoids', 'Eudesmane sesquiterpenoids', 'Carotenoids (C40, β-Ψ)', 'Acyl phloroglucinols', 'Labdane diterpenoids', 'Lupane triterpenoids', 'Podocarpane diterpenoids', 'Carotenoids (C40, β-β)', 'Flavan-3-ols', 'Monosaccharides', 'Carotenoids (C40, β-ε)', 'Menthane monoterpenoids|Monocyclic monoterpenoids', 'Agarofuran sesquiterpenoids|Eudesmane sesquiterpenoids', 'Simple phenolic acids', 'Flavonols'}	{'Oleanane triterpenoids', 'Unsaturated fatty acids', 'Monocyclic monoterpenoids', 'Agarofuran sesquiterpenoids', 'Cadinane sesquiterpenoids', 'Carotenoids (C40, Ψ-Ψ)', 'Menthane monoterpenoids', 'Abeoabietane diterpenoids', 'Eudesmane sesquiterpenoids', 'Triacylglycerols', 'Friedelane triterpenoids', 'Carotenoids (C40, β-Ψ)', 'Acyl phloroglucinols', 'Labdane diterpenoids', 'Lupane triterpenoids', 'Podocarpane diterpenoids', 'Carotenoids (C40, β-β)', 'Flavan-3-ols', 'Monosaccharides', 'Agarofuran sesquiterpenoids|Pyridine alkaloids', 'Carotenoids (C40, β-ε)', 'Menthane monoterpenoids|Monocyclic monoterpenoids', 'Agarofuran sesquiterpenoids|Eudesmane sesquiterpenoids', 'Branched fatty acids|Unsaturated fatty acids', 'Stigmastane steroids', 'Simple phenolic acids', 'Flavonols'}
5	LQ-01-61-06_pos.mzXML	Celastrus orbiculatus	Celastrus	Celastraceae	Celastraceae	{'Oleanane triterpenoids', 'Monocyclic monoterpenoids', 'Agarofuran sesquiterpenoids', 'Cadinane sesquiterpenoids', 'Carotenoids (C40, Ψ-Ψ)', 'Menthane monoterpenoids', 'Abeoabietane diterpenoids', 'Eudesmane sesquiterpenoids', 'Carotenoids (C40, β-Ψ)', 'Acyl phloroglucinols', 'Labdane diterpenoids', 'Lupane triterpenoids', 'Podocarpane diterpenoids', 'Carotenoids (C40, β-β)', 'Flavan-3-ols', 'Monosaccharides', 'Carotenoids (C40, β-ε)', 'Menthane monoterpenoids|Monocyclic monoterpenoids', 'Agarofuran sesquiterpenoids|Eudesmane sesquiterpenoids', 'Simple phenolic acids', 'Flavonols'}	{'Oleanane triterpenoids', 'Unsaturated fatty acids', 'Monocyclic monoterpenoids', 'Agarofuran sesquiterpenoids', 'Cadinane sesquiterpenoids', 'Carotenoids (C40, Ψ-Ψ)', 'Menthane monoterpenoids', 'Abeoabietane diterpenoids', 'Eudesmane sesquiterpenoids', 'Triacylglycerols', 'Friedelane triterpenoids', 'Carotenoids (C40, β-Ψ)', 'Acyl phloroglucinols', 'Labdane diterpenoids', 'Lupane triterpenoids', 'Podocarpane diterpenoids', 'Carotenoids (C40, β-β)', 'Flavan-3-ols', 'Monosaccharides', 'Agarofuran sesquiterpenoids|Pyridine alkaloids', 'Carotenoids (C40, β-ε)', 'Menthane monoterpenoids|Monocyclic monoterpenoids', 'Agarofuran sesquiterpenoids|Eudesmane sesquiterpenoids', 'Branched fatty acids|Unsaturated fatty acids', 'Stigmastane steroids', 'Simple phenolic acids', 'Flavonols'}
6	LQ-01-61-07_pos.mzXML	Celastrus paniculatus	Celastrus	Celastraceae	Celastraceae	{'Branched fatty acids|Unsaturated fatty acids', 'Stigmastane steroids', 'Unsaturated fatty acids', 'Agarofuran sesquiterpenoids', 'Flavan-3-ols', 'Triacylglycerols', 'Friedelane triterpenoids', 'Agarofuran sesquiterpenoids|Pyridine alkaloids', 'Agarofuran sesquiterpenoids|Eudesmane sesquiterpenoids', 'Lupane triterpenoids'}	{'Oleanane triterpenoids', 'Unsaturated fatty acids', 'Monocyclic monoterpenoids', 'Agarofuran sesquiterpenoids', 'Cadinane sesquiterpenoids', 'Carotenoids (C40, Ψ-Ψ)', 'Menthane monoterpenoids', 'Abeoabietane diterpenoids', 'Eudesmane sesquiterpenoids', 'Triacylglycerols', 'Friedelane triterpenoids', 'Carotenoids (C40, β-Ψ)', 'Acyl phloroglucinols', 'Labdane diterpenoids', 'Lupane triterpenoids', 'Podocarpane diterpenoids', 'Carotenoids (C40, β-β)', 'Flavan-3-ols', 'Monosaccharides', 'Agarofuran sesquiterpenoids|Pyridine alkaloids', 'Carotenoids (C40, β-ε)', 'Menthane monoterpenoids|Monocyclic monoterpenoids', 'Agarofuran sesquiterpenoids|Eudesmane sesquiterpenoids', 'Branched fatty acids|Unsaturated fatty acids', 'Stigmastane steroids', 'Simple phenolic acids', 'Flavonols'}
7	LQ-01-61-08_pos.mzXML	Celastrus paniculatus	Celastrus	Celastraceae	Celastraceae	{'Branched fatty acids|Unsaturated fatty acids', 'Stigmastane steroids', 'Unsaturated fatty acids', 'Agarofuran sesquiterpenoids', 'Flavan-3-ols', 'Triacylglycerols', 'Friedelane triterpenoids', 'Agarofuran sesquiterpenoids|Pyridine alkaloids', 'Agarofuran sesquiterpenoids|Eudesmane sesquiterpenoids', 'Lupane triterpenoids'}	{'Oleanane triterpenoids', 'Unsaturated fatty acids', 'Monocyclic monoterpenoids', 'Agarofuran sesquiterpenoids', 'Cadinane sesquiterpenoids', 'Carotenoids (C40, Ψ-Ψ)', 'Menthane monoterpenoids', 'Abeoabietane diterpenoids', 'Eudesmane sesquiterpenoids', 'Triacylglycerols', 'Friedelane triterpenoids', 'Carotenoids (C40, β-Ψ)', 'Acyl phloroglucinols', 'Labdane diterpenoids', 'Lupane triterpenoids', 'Podocarpane diterpenoids', 'Carotenoids (C40, β-β)', 'Flavan-3-ols', 'Monosaccharides', 'Agarofuran sesquiterpenoids|Pyridine alkaloids', 'Carotenoids (C40, β-ε)', 'Menthane monoterpenoids|Monocyclic monoterpenoids', 'Agarofuran sesquiterpenoids|Eudesmane sesquiterpenoids', 'Branched fatty acids|Unsaturated fatty acids', 'Stigmastane steroids', 'Simple phenolic acids', 'Flavonols'}
8	LQ-01-61-09_pos.mzXML	Celastrus paniculatus	Celastrus	Celastraceae	Celastraceae	{'Branched fatty acids|Unsaturated fatty acids', 'Stigmastane steroids', 'Unsaturated fatty acids', 'Agarofuran sesquiterpenoids', 'Flavan-3-ols', 'Triacylglycerols', 'Friedelane triterpenoids', 'Agarofuran sesquiterpenoids|Pyridine alkaloids', 'Agarofuran sesquiterpenoids|Eudesmane sesquiterpenoids', 'Lupane triterpenoids'}	{'Oleanane triterpenoids', 'Unsaturated fatty acids', 'Monocyclic monoterpenoids', 'Agarofuran sesquiterpenoids', 'Cadinane sesquiterpenoids', 'Carotenoids (C40, Ψ-Ψ)', 'Menthane monoterpenoids', 'Abeoabietane diterpenoids', 'Eudesmane sesquiterpenoids', 'Triacylglycerols', 'Friedelane triterpenoids', 'Carotenoids (C40, β-Ψ)', 'Acyl phloroglucinols', 'Labdane diterpenoids', 'Lupane triterpenoids', 'Podocarpane diterpenoids', 'Carotenoids (C40, β-β)', 'Flavan-3-ols', 'Monosaccharides', 'Agarofuran sesquiterpenoids|Pyridine alkaloids', 'Carotenoids (C40, β-ε)', 'Menthane monoterpenoids|Monocyclic monoterpenoids', 'Agarofuran sesquiterpenoids|Eudesmane sesquiterpenoids', 'Branched fatty acids|Unsaturated fatty acids', 'Stigmastane steroids', 'Simple phenolic acids', 'Flavonols'}
9	LQ-01-61-10_pos.mzXML	Elaeodendron schweinfurthianum	Elaeodendron	Celastraceae	Celastraceae		
10	LQ-01-61-11_pos.mzXML	Elaeodendron schweinfurthianum	Elaeodendron	Celastraceae	Celastraceae		
11	LQ-01-61-12_pos.mzXML	Evonymopsis sp	Evonymopsis	Celastraceae	Celastraceae		
12	LQ-01-61-13_pos.mzXML	Evonymopsis sp	Evonymopsis	Celastraceae	Celastraceae		
13	LQ-01-61-14_pos.mzXML	Evonymopsis sp	Evonymopsis	Celastraceae	Celastraceae		
14	LQ-01-61-15_pos.mzXML	Euonymus alatus	Euonymus	Celastraceae	Celastraceae	{'Oleanane triterpenoids', 'Pyridine alkaloids', 'Furofuranoid lignans', 'Arylnaphthalene and aryltetralin lignans', 'Agarofuran sesquiterpenoids', 'Monosaccharides', 'Friedelane triterpenoids', 'Flavonols', 'Cinnamic acids and derivatives|Phenylethanoids', 'Cinnamic acids and derivatives', 'Ursane and Taraxastane triterpenoids', 'Neolignans', 'Furofuranoid lignans|Neolignans', 'Cardenolides'}	{'Oleanane triterpenoids', 'Pyridine alkaloids', 'Pyridine alkaloids|Terpenoid alkaloids', 'Furofuranoid lignans', 'Arylnaphthalene and aryltetralin lignans', 'Agarofuran sesquiterpenoids', 'Aporphine alkaloids|Isoquinoline alkaloids', 'Monosaccharides', 'Friedelane triterpenoids', 'Flavonols', 'Cinnamic acids and derivatives|Phenylethanoids', 'Cinnamic acids and derivatives', 'Ursane and Taraxastane triterpenoids', 'Agarofuran sesquiterpenoids|Pyridine alkaloids', 'Neolignans', 'Furofuranoid lignans|Neolignans', 'Cardenolides'}
15	LQ-01-61-16_pos.mzXML	Euonymus alatus	Euonymus	Celastraceae	Celastraceae	{'Oleanane triterpenoids', 'Pyridine alkaloids', 'Furofuranoid lignans', 'Arylnaphthalene and aryltetralin lignans', 'Agarofuran sesquiterpenoids', 'Monosaccharides', 'Friedelane triterpenoids', 'Flavonols', 'Cinnamic acids and derivatives|Phenylethanoids', 'Cinnamic acids and derivatives', 'Ursane and Taraxastane triterpenoids', 'Neolignans', 'Furofuranoid lignans|Neolignans', 'Cardenolides'}	{'Oleanane triterpenoids', 'Pyridine alkaloids', 'Pyridine alkaloids|Terpenoid alkaloids', 'Furofuranoid lignans', 'Arylnaphthalene and aryltetralin lignans', 'Agarofuran sesquiterpenoids', 'Aporphine alkaloids|Isoquinoline alkaloids', 'Monosaccharides', 'Friedelane triterpenoids', 'Flavonols', 'Cinnamic acids and derivatives|Phenylethanoids', 'Cinnamic acids and derivatives', 'Ursane and Taraxastane triterpenoids', 'Agarofuran sesquiterpenoids|Pyridine alkaloids', 'Neolignans', 'Furofuranoid lignans|Neolignans', 'Cardenolides'}
16	LQ-01-61-17_pos.mzXML	Euonymus bockii	Euonymus	Celastraceae	Celastraceae		{'Oleanane triterpenoids', 'Pyridine alkaloids', 'Pyridine alkaloids|Terpenoid alkaloids', 'Furofuranoid lignans', 'Arylnaphthalene and aryltetralin lignans', 'Agarofuran sesquiterpenoids', 'Aporphine alkaloids|Isoquinoline alkaloids', 'Monosaccharides', 'Friedelane triterpenoids', 'Flavonols', 'Cinnamic acids and derivatives|Phenylethanoids', 'Cinnamic acids and derivatives', 'Ursane and Taraxastane triterpenoids', 'Agarofuran sesquiterpenoids|Pyridine alkaloids', 'Neolignans', 'Furofuranoid lignans|Neolignans', 'Cardenolides'}
17	LQ-01-61-18_pos.mzXML	Euonymus bockii	Euonymus	Celastraceae	Celastraceae		{'Oleanane triterpenoids', 'Pyridine alkaloids', 'Pyridine alkaloids|Terpenoid alkaloids', 'Furofuranoid lignans', 'Arylnaphthalene and aryltetralin lignans', 'Agarofuran sesquiterpenoids', 'Aporphine alkaloids|Isoquinoline alkaloids', 'Monosaccharides', 'Friedelane triterpenoids', 'Flavonols', 'Cinnamic acids and derivatives|Phenylethanoids', 'Cinnamic acids and derivatives', 'Ursane and Taraxastane triterpenoids', 'Agarofuran sesquiterpenoids|Pyridine alkaloids', 'Neolignans', 'Furofuranoid lignans|Neolignans', 'Cardenolides'}
18	LQ-01-61-19_pos.mzXML	Euonymus bockii	Euonymus	Celastraceae	Celastraceae		{'Oleanane triterpenoids', 'Pyridine alkaloids', 'Pyridine alkaloids|Terpenoid alkaloids', 'Furofuranoid lignans', 'Arylnaphthalene and aryltetralin lignans', 'Agarofuran sesquiterpenoids', 'Aporphine alkaloids|Isoquinoline alkaloids', 'Monosaccharides', 'Friedelane triterpenoids', 'Flavonols', 'Cinnamic acids and derivatives|Phenylethanoids', 'Cinnamic acids and derivatives', 'Ursane and Taraxastane triterpenoids', 'Agarofuran sesquiterpenoids|Pyridine alkaloids', 'Neolignans', 'Furofuranoid lignans|Neolignans', 'Cardenolides'}
19	LQ-01-61-20_pos.mzXML	Euonymus maackii	Euonymus	Celastraceae	Celastraceae	{'Oleanane triterpenoids', 'Monosaccharides'}	{'Oleanane triterpenoids', 'Pyridine alkaloids', 'Pyridine alkaloids|Terpenoid alkaloids', 'Furofuranoid lignans', 'Arylnaphthalene and aryltetralin lignans', 'Agarofuran sesquiterpenoids', 'Aporphine alkaloids|Isoquinoline alkaloids', 'Monosaccharides', 'Friedelane triterpenoids', 'Flavonols', 'Cinnamic acids and derivatives|Phenylethanoids', 'Cinnamic acids and derivatives', 'Ursane and Taraxastane triterpenoids', 'Agarofuran sesquiterpenoids|Pyridine alkaloids', 'Neolignans', 'Furofuranoid lignans|Neolignans', 'Cardenolides'}
20	LQ-01-61-21_pos.mzXML	Euonymus cochinchinensis	Euonymus	Celastraceae	Celastraceae		{'Oleanane triterpenoids', 'Pyridine alkaloids', 'Pyridine alkaloids|Terpenoid alkaloids', 'Furofuranoid lignans', 'Arylnaphthalene and aryltetralin lignans', 'Agarofuran sesquiterpenoids', 'Aporphine alkaloids|Isoquinoline alkaloids', 'Monosaccharides', 'Friedelane triterpenoids', 'Flavonols', 'Cinnamic acids and derivatives|Phenylethanoids', 'Cinnamic acids and derivatives', 'Ursane and Taraxastane triterpenoids', 'Agarofuran sesquiterpenoids|Pyridine alkaloids', 'Neolignans', 'Furofuranoid lignans|Neolignans', 'Cardenolides'}
21	LQ-01-61-22_pos.mzXML	Euonymus cochinchinensis	Euonymus	Celastraceae	Celastraceae		{'Oleanane triterpenoids', 'Pyridine alkaloids', 'Pyridine alkaloids|Terpenoid alkaloids', 'Furofuranoid lignans', 'Arylnaphthalene and aryltetralin lignans', 'Agarofuran sesquiterpenoids', 'Aporphine alkaloids|Isoquinoline alkaloids', 'Monosaccharides', 'Friedelane triterpenoids', 'Flavonols', 'Cinnamic acids and derivatives|Phenylethanoids', 'Cinnamic acids and derivatives', 'Ursane and Taraxastane triterpenoids', 'Agarofuran sesquiterpenoids|Pyridine alkaloids', 'Neolignans', 'Furofuranoid lignans|Neolignans', 'Cardenolides'}
22	LQ-01-61-23_pos.mzXML	Euonymus cochinchinensis	Euonymus	Celastraceae	Celastraceae		{'Oleanane triterpenoids', 'Pyridine alkaloids', 'Pyridine alkaloids|Terpenoid alkaloids', 'Furofuranoid lignans', 'Arylnaphthalene and aryltetralin lignans', 'Agarofuran sesquiterpenoids', 'Aporphine alkaloids|Isoquinoline alkaloids', 'Monosaccharides', 'Friedelane triterpenoids', 'Flavonols', 'Cinnamic acids and derivatives|Phenylethanoids', 'Cinnamic acids and derivatives', 'Ursane and Taraxastane triterpenoids', 'Agarofuran sesquiterpenoids|Pyridine alkaloids', 'Neolignans', 'Furofuranoid lignans|Neolignans', 'Cardenolides'}
23	LQ-01-61-24_pos.mzXML	Euonymus dielsianus	Euonymus	Celastraceae	Celastraceae		{'Oleanane triterpenoids', 'Pyridine alkaloids', 'Pyridine alkaloids|Terpenoid alkaloids', 'Furofuranoid lignans', 'Arylnaphthalene and aryltetralin lignans', 'Agarofuran sesquiterpenoids', 'Aporphine alkaloids|Isoquinoline alkaloids', 'Monosaccharides', 'Friedelane triterpenoids', 'Flavonols', 'Cinnamic acids and derivatives|Phenylethanoids', 'Cinnamic acids and derivatives', 'Ursane and Taraxastane triterpenoids', 'Agarofuran sesquiterpenoids|Pyridine alkaloids', 'Neolignans', 'Furofuranoid lignans|Neolignans', 'Cardenolides'}
24	LQ-01-61-25_pos.mzXML	Euonymus dielsianus	Euonymus	Celastraceae	Celastraceae		{'Oleanane triterpenoids', 'Pyridine alkaloids', 'Pyridine alkaloids|Terpenoid alkaloids', 'Furofuranoid lignans', 'Arylnaphthalene and aryltetralin lignans', 'Agarofuran sesquiterpenoids', 'Aporphine alkaloids|Isoquinoline alkaloids', 'Monosaccharides', 'Friedelane triterpenoids', 'Flavonols', 'Cinnamic acids and derivatives|Phenylethanoids', 'Cinnamic acids and derivatives', 'Ursane and Taraxastane triterpenoids', 'Agarofuran sesquiterpenoids|Pyridine alkaloids', 'Neolignans', 'Furofuranoid lignans|Neolignans', 'Cardenolides'}
25	LQ-01-61-26_pos.mzXML	Euonymus dielsianus	Euonymus	Celastraceae	Celastraceae		{'Oleanane triterpenoids', 'Pyridine alkaloids', 'Pyridine alkaloids|Terpenoid alkaloids', 'Furofuranoid lignans', 'Arylnaphthalene and aryltetralin lignans', 'Agarofuran sesquiterpenoids', 'Aporphine alkaloids|Isoquinoline alkaloids', 'Monosaccharides', 'Friedelane triterpenoids', 'Flavonols', 'Cinnamic acids and derivatives|Phenylethanoids', 'Cinnamic acids and derivatives', 'Ursane and Taraxastane triterpenoids', 'Agarofuran sesquiterpenoids|Pyridine alkaloids', 'Neolignans', 'Furofuranoid lignans|Neolignans', 'Cardenolides'}
26	LQ-01-61-27_pos.mzXML	Euonymus fortunei	Euonymus	Celastraceae	Celastraceae	{'Pyridine alkaloids', 'Pyridine alkaloids|Terpenoid alkaloids', 'Aporphine alkaloids|Isoquinoline alkaloids', 'Agarofuran sesquiterpenoids', 'Monosaccharides', 'Friedelane triterpenoids', 'Agarofuran sesquiterpenoids|Pyridine alkaloids'}	{'Oleanane triterpenoids', 'Pyridine alkaloids', 'Pyridine alkaloids|Terpenoid alkaloids', 'Furofuranoid lignans', 'Arylnaphthalene and aryltetralin lignans', 'Agarofuran sesquiterpenoids', 'Aporphine alkaloids|Isoquinoline alkaloids', 'Monosaccharides', 'Friedelane triterpenoids', 'Flavonols', 'Cinnamic acids and derivatives|Phenylethanoids', 'Cinnamic acids and derivatives', 'Ursane and Taraxastane triterpenoids', 'Agarofuran sesquiterpenoids|Pyridine alkaloids', 'Neolignans', 'Furofuranoid lignans|Neolignans', 'Cardenolides'}
27	LQ-01-61-28_pos.mzXML	Euonymus grandiflorus	Euonymus	Celastraceae	Celastraceae	{'Pyridine alkaloids'}	{'Oleanane triterpenoids', 'Pyridine alkaloids', 'Pyridine alkaloids|Terpenoid alkaloids', 'Furofuranoid lignans', 'Arylnaphthalene and aryltetralin lignans', 'Agarofuran sesquiterpenoids', 'Aporphine alkaloids|Isoquinoline alkaloids', 'Monosaccharides', 'Friedelane triterpenoids', 'Flavonols', 'Cinnamic acids and derivatives|Phenylethanoids', 'Cinnamic acids and derivatives', 'Ursane and Taraxastane triterpenoids', 'Agarofuran sesquiterpenoids|Pyridine alkaloids', 'Neolignans', 'Furofuranoid lignans|Neolignans', 'Cardenolides'}
28	LQ-01-61-29_pos.mzXML	Euonymus alatus	Euonymus	Celastraceae	Celastraceae	{'Oleanane triterpenoids', 'Pyridine alkaloids', 'Furofuranoid lignans', 'Arylnaphthalene and aryltetralin lignans', 'Agarofuran sesquiterpenoids', 'Monosaccharides', 'Friedelane triterpenoids', 'Flavonols', 'Cinnamic acids and derivatives|Phenylethanoids', 'Cinnamic acids and derivatives', 'Ursane and Taraxastane triterpenoids', 'Neolignans', 'Furofuranoid lignans|Neolignans', 'Cardenolides'}	{'Oleanane triterpenoids', 'Pyridine alkaloids', 'Pyridine alkaloids|Terpenoid alkaloids', 'Furofuranoid lignans', 'Arylnaphthalene and aryltetralin lignans', 'Agarofuran sesquiterpenoids', 'Aporphine alkaloids|Isoquinoline alkaloids', 'Monosaccharides', 'Friedelane triterpenoids', 'Flavonols', 'Cinnamic acids and derivatives|Phenylethanoids', 'Cinnamic acids and derivatives', 'Ursane and Taraxastane triterpenoids', 'Agarofuran sesquiterpenoids|Pyridine alkaloids', 'Neolignans', 'Furofuranoid lignans|Neolignans', 'Cardenolides'}
29	LQ-01-61-30_pos.mzXML	Euonymus alatus	Euonymus	Celastraceae	Celastraceae	{'Oleanane triterpenoids', 'Pyridine alkaloids', 'Furofuranoid lignans', 'Arylnaphthalene and aryltetralin lignans', 'Agarofuran sesquiterpenoids', 'Monosaccharides', 'Friedelane triterpenoids', 'Flavonols', 'Cinnamic acids and derivatives|Phenylethanoids', 'Cinnamic acids and derivatives', 'Ursane and Taraxastane triterpenoids', 'Neolignans', 'Furofuranoid lignans|Neolignans', 'Cardenolides'}	{'Oleanane triterpenoids', 'Pyridine alkaloids', 'Pyridine alkaloids|Terpenoid alkaloids', 'Furofuranoid lignans', 'Arylnaphthalene and aryltetralin lignans', 'Agarofuran sesquiterpenoids', 'Aporphine alkaloids|Isoquinoline alkaloids', 'Monosaccharides', 'Friedelane triterpenoids', 'Flavonols', 'Cinnamic acids and derivatives|Phenylethanoids', 'Cinnamic acids and derivatives', 'Ursane and Taraxastane triterpenoids', 'Agarofuran sesquiterpenoids|Pyridine alkaloids', 'Neolignans', 'Furofuranoid lignans|Neolignans', 'Cardenolides'}
30	LQ-01-61-31_pos.mzXML	Euonymus frigidus	Euonymus	Celastraceae	Celastraceae		{'Oleanane triterpenoids', 'Pyridine alkaloids', 'Pyridine alkaloids|Terpenoid alkaloids', 'Furofuranoid lignans', 'Arylnaphthalene and aryltetralin lignans', 'Agarofuran sesquiterpenoids', 'Aporphine alkaloids|Isoquinoline alkaloids', 'Monosaccharides', 'Friedelane triterpenoids', 'Flavonols', 'Cinnamic acids and derivatives|Phenylethanoids', 'Cinnamic acids and derivatives', 'Ursane and Taraxastane triterpenoids', 'Agarofuran sesquiterpenoids|Pyridine alkaloids', 'Neolignans', 'Furofuranoid lignans|Neolignans', 'Cardenolides'}
31	LQ-01-61-32_pos.mzXML	Euonymus frigidus	Euonymus	Celastraceae	Celastraceae		{'Oleanane triterpenoids', 'Pyridine alkaloids', 'Pyridine alkaloids|Terpenoid alkaloids', 'Furofuranoid lignans', 'Arylnaphthalene and aryltetralin lignans', 'Agarofuran sesquiterpenoids', 'Aporphine alkaloids|Isoquinoline alkaloids', 'Monosaccharides', 'Friedelane triterpenoids', 'Flavonols', 'Cinnamic acids and derivatives|Phenylethanoids', 'Cinnamic acids and derivatives', 'Ursane and Taraxastane triterpenoids', 'Agarofuran sesquiterpenoids|Pyridine alkaloids', 'Neolignans', 'Furofuranoid lignans|Neolignans', 'Cardenolides'}
32	LQ-01-61-33_pos.mzXML	Euonymus frigidus	Euonymus	Celastraceae	Celastraceae		{'Oleanane triterpenoids', 'Pyridine alkaloids', 'Pyridine alkaloids|Terpenoid alkaloids', 'Furofuranoid lignans', 'Arylnaphthalene and aryltetralin lignans', 'Agarofuran sesquiterpenoids', 'Aporphine alkaloids|Isoquinoline alkaloids', 'Monosaccharides', 'Friedelane triterpenoids', 'Flavonols', 'Cinnamic acids and derivatives|Phenylethanoids', 'Cinnamic acids and derivatives', 'Ursane and Taraxastane triterpenoids', 'Agarofuran sesquiterpenoids|Pyridine alkaloids', 'Neolignans', 'Furofuranoid lignans|Neolignans', 'Cardenolides'}
33	LQ-01-61-34_pos.mzXML	Euonymus myrianthus	Euonymus	Celastraceae	Celastraceae		{'Oleanane triterpenoids', 'Pyridine alkaloids', 'Pyridine alkaloids|Terpenoid alkaloids', 'Furofuranoid lignans', 'Arylnaphthalene and aryltetralin lignans', 'Agarofuran sesquiterpenoids', 'Aporphine alkaloids|Isoquinoline alkaloids', 'Monosaccharides', 'Friedelane triterpenoids', 'Flavonols', 'Cinnamic acids and derivatives|Phenylethanoids', 'Cinnamic acids and derivatives', 'Ursane and Taraxastane triterpenoids', 'Agarofuran sesquiterpenoids|Pyridine alkaloids', 'Neolignans', 'Furofuranoid lignans|Neolignans', 'Cardenolides'}
34	LQ-01-61-35_pos.mzXML	Euonymus myrianthus	Euonymus	Celastraceae	Celastraceae		{'Oleanane triterpenoids', 'Pyridine alkaloids', 'Pyridine alkaloids|Terpenoid alkaloids', 'Furofuranoid lignans', 'Arylnaphthalene and aryltetralin lignans', 'Agarofuran sesquiterpenoids', 'Aporphine alkaloids|Isoquinoline alkaloids', 'Monosaccharides', 'Friedelane triterpenoids', 'Flavonols', 'Cinnamic acids and derivatives|Phenylethanoids', 'Cinnamic acids and derivatives', 'Ursane and Taraxastane triterpenoids', 'Agarofuran sesquiterpenoids|Pyridine alkaloids', 'Neolignans', 'Furofuranoid lignans|Neolignans', 'Cardenolides'}
35	LQ-01-61-36_pos.mzXML	Euonymus myrianthus	Euonymus	Celastraceae	Celastraceae		{'Oleanane triterpenoids', 'Pyridine alkaloids', 'Pyridine alkaloids|Terpenoid alkaloids', 'Furofuranoid lignans', 'Arylnaphthalene and aryltetralin lignans', 'Agarofuran sesquiterpenoids', 'Aporphine alkaloids|Isoquinoline alkaloids', 'Monosaccharides', 'Friedelane triterpenoids', 'Flavonols', 'Cinnamic acids and derivatives|Phenylethanoids', 'Cinnamic acids and derivatives', 'Ursane and Taraxastane triterpenoids', 'Agarofuran sesquiterpenoids|Pyridine alkaloids', 'Neolignans', 'Furofuranoid lignans|Neolignans', 'Cardenolides'}
36	LQ-01-61-37_pos.mzXML	Euonymus sanguineus	Euonymus	Celastraceae	Celastraceae	{'Pyridine alkaloids'}	{'Oleanane triterpenoids', 'Pyridine alkaloids', 'Pyridine alkaloids|Terpenoid alkaloids', 'Furofuranoid lignans', 'Arylnaphthalene and aryltetralin lignans', 'Agarofuran sesquiterpenoids', 'Aporphine alkaloids|Isoquinoline alkaloids', 'Monosaccharides', 'Friedelane triterpenoids', 'Flavonols', 'Cinnamic acids and derivatives|Phenylethanoids', 'Cinnamic acids and derivatives', 'Ursane and Taraxastane triterpenoids', 'Agarofuran sesquiterpenoids|Pyridine alkaloids', 'Neolignans', 'Furofuranoid lignans|Neolignans', 'Cardenolides'}
37	LQ-01-61-38_pos.mzXML	Euonymus sanguineus	Euonymus	Celastraceae	Celastraceae	{'Pyridine alkaloids'}	{'Oleanane triterpenoids', 'Pyridine alkaloids', 'Pyridine alkaloids|Terpenoid alkaloids', 'Furofuranoid lignans', 'Arylnaphthalene and aryltetralin lignans', 'Agarofuran sesquiterpenoids', 'Aporphine alkaloids|Isoquinoline alkaloids', 'Monosaccharides', 'Friedelane triterpenoids', 'Flavonols', 'Cinnamic acids and derivatives|Phenylethanoids', 'Cinnamic acids and derivatives', 'Ursane and Taraxastane triterpenoids', 'Agarofuran sesquiterpenoids|Pyridine alkaloids', 'Neolignans', 'Furofuranoid lignans|Neolignans', 'Cardenolides'}
38	LQ-01-61-39_pos.mzXML	Euonymus sanguineus	Euonymus	Celastraceae	Celastraceae	{'Pyridine alkaloids'}	{'Oleanane triterpenoids', 'Pyridine alkaloids', 'Pyridine alkaloids|Terpenoid alkaloids', 'Furofuranoid lignans', 'Arylnaphthalene and aryltetralin lignans', 'Agarofuran sesquiterpenoids', 'Aporphine alkaloids|Isoquinoline alkaloids', 'Monosaccharides', 'Friedelane triterpenoids', 'Flavonols', 'Cinnamic acids and derivatives|Phenylethanoids', 'Cinnamic acids and derivatives', 'Ursane and Taraxastane triterpenoids', 'Agarofuran sesquiterpenoids|Pyridine alkaloids', 'Neolignans', 'Furofuranoid lignans|Neolignans', 'Cardenolides'}
39	LQ-01-61-40_pos.mzXML	Loeseneriella urceolus	Loeseneriella	Celastraceae	Celastraceae		
40	LQ-01-61-41_pos.mzXML	Loeseneriella concinna	Loeseneriella	Celastraceae	Celastraceae		
41	LQ-01-61-42_pos.mzXML	Loeseneriella concinna	Loeseneriella	Celastraceae	Celastraceae		
42	LQ-01-61-43_pos.mzXML	Gymnosporia buchananii	Gymnosporia	Celastraceae	Celastraceae	{'Pyridine alkaloids', 'Ansa macrolides'}	{'Oleanane triterpenoids', 'Stigmastane steroids', 'Ansa macrolides', 'Dihydroflavonols', 'Pyridine alkaloids', 'Flavan-3-ols', 'Proanthocyanins', 'Acyl phloroglucinols', 'Disaccharides', 'Fatty alcohols', 'Pyrrolidine alkaloids', 'Simple coumarins'}
43	LQ-01-61-44_pos.mzXML	Gymnosporia buchananii	Gymnosporia	Celastraceae	Celastraceae	{'Pyridine alkaloids', 'Ansa macrolides'}	{'Oleanane triterpenoids', 'Stigmastane steroids', 'Ansa macrolides', 'Dihydroflavonols', 'Pyridine alkaloids', 'Flavan-3-ols', 'Proanthocyanins', 'Acyl phloroglucinols', 'Disaccharides', 'Fatty alcohols', 'Pyrrolidine alkaloids', 'Simple coumarins'}
44	LQ-01-61-45_pos.mzXML	Gymnosporia buxifolia	Gymnosporia	Celastraceae	Celastraceae		{'Oleanane triterpenoids', 'Stigmastane steroids', 'Ansa macrolides', 'Dihydroflavonols', 'Pyridine alkaloids', 'Flavan-3-ols', 'Proanthocyanins', 'Acyl phloroglucinols', 'Disaccharides', 'Fatty alcohols', 'Pyrrolidine alkaloids', 'Simple coumarins'}
45	LQ-01-61-46_pos.mzXML	Maytenus inermis	Maytenus	Celastraceae	Celastraceae		{'Oleanane triterpenoids', 'Lanostane, Tirucallane and Euphane triterpenoids|Oleanane triterpenoids'}
46	LQ-01-61-47_pos.mzXML	Maytenus inermis	Maytenus	Celastraceae	Celastraceae		{'Oleanane triterpenoids', 'Lanostane, Tirucallane and Euphane triterpenoids|Oleanane triterpenoids'}
47	LQ-01-61-48_pos.mzXML	Gymnosporia buxifolia	Gymnosporia	Celastraceae	Celastraceae		{'Oleanane triterpenoids', 'Stigmastane steroids', 'Ansa macrolides', 'Dihydroflavonols', 'Pyridine alkaloids', 'Flavan-3-ols', 'Proanthocyanins', 'Acyl phloroglucinols', 'Disaccharides', 'Fatty alcohols', 'Pyrrolidine alkaloids', 'Simple coumarins'}
48	LQ-01-61-49_pos.mzXML	Gymnosporia buxifolia	Gymnosporia	Celastraceae	Celastraceae		{'Oleanane triterpenoids', 'Stigmastane steroids', 'Ansa macrolides', 'Dihydroflavonols', 'Pyridine alkaloids', 'Flavan-3-ols', 'Proanthocyanins', 'Acyl phloroglucinols', 'Disaccharides', 'Fatty alcohols', 'Pyrrolidine alkaloids', 'Simple coumarins'}
49	LQ-01-61-50_pos.mzXML	Gymnosporia buxifolia	Gymnosporia	Celastraceae	Celastraceae		{'Oleanane triterpenoids', 'Stigmastane steroids', 'Ansa macrolides', 'Dihydroflavonols', 'Pyridine alkaloids', 'Flavan-3-ols', 'Proanthocyanins', 'Acyl phloroglucinols', 'Disaccharides', 'Fatty alcohols', 'Pyrrolidine alkaloids', 'Simple coumarins'}
50	LQ-01-61-51_pos.mzXML	Gymnosporia graciliramula	Gymnosporia	Celastraceae	Celastraceae		{'Oleanane triterpenoids', 'Stigmastane steroids', 'Ansa macrolides', 'Dihydroflavonols', 'Pyridine alkaloids', 'Flavan-3-ols', 'Proanthocyanins', 'Acyl phloroglucinols', 'Disaccharides', 'Fatty alcohols', 'Pyrrolidine alkaloids', 'Simple coumarins'}
51	LQ-01-61-52_pos.mzXML	Gymnosporia senegalensis	Gymnosporia	Celastraceae	Celastraceae	{'Oleanane triterpenoids', 'Stigmastane steroids', 'Dihydroflavonols', 'Flavan-3-ols', 'Proanthocyanins', 'Acyl phloroglucinols', 'Disaccharides', 'Fatty alcohols', 'Pyrrolidine alkaloids', 'Simple coumarins'}	{'Oleanane triterpenoids', 'Stigmastane steroids', 'Ansa macrolides', 'Dihydroflavonols', 'Pyridine alkaloids', 'Flavan-3-ols', 'Proanthocyanins', 'Acyl phloroglucinols', 'Disaccharides', 'Fatty alcohols', 'Pyrrolidine alkaloids', 'Simple coumarins'}
52	LQ-01-61-53_pos.mzXML	Gymnosporia senegalensis	Gymnosporia	Celastraceae	Celastraceae	{'Oleanane triterpenoids', 'Stigmastane steroids', 'Dihydroflavonols', 'Flavan-3-ols', 'Proanthocyanins', 'Acyl phloroglucinols', 'Disaccharides', 'Fatty alcohols', 'Pyrrolidine alkaloids', 'Simple coumarins'}	{'Oleanane triterpenoids', 'Stigmastane steroids', 'Ansa macrolides', 'Dihydroflavonols', 'Pyridine alkaloids', 'Flavan-3-ols', 'Proanthocyanins', 'Acyl phloroglucinols', 'Disaccharides', 'Fatty alcohols', 'Pyrrolidine alkaloids', 'Simple coumarins'}
53	LQ-01-61-54_pos.mzXML	Maytenus undata	Maytenus	Celastraceae	Celastraceae	{'Oleanane triterpenoids', 'Lanostane, Tirucallane and Euphane triterpenoids|Oleanane triterpenoids'}	{'Oleanane triterpenoids', 'Lanostane, Tirucallane and Euphane triterpenoids|Oleanane triterpenoids'}
54	LQ-01-61-55_pos.mzXML	Maytenus undata	Maytenus	Celastraceae	Celastraceae	{'Oleanane triterpenoids', 'Lanostane, Tirucallane and Euphane triterpenoids|Oleanane triterpenoids'}	{'Oleanane triterpenoids', 'Lanostane, Tirucallane and Euphane triterpenoids|Oleanane triterpenoids'}
55	LQ-01-61-56_pos.mzXML	Maytenus undata	Maytenus	Celastraceae	Celastraceae	{'Oleanane triterpenoids', 'Lanostane, Tirucallane and Euphane triterpenoids|Oleanane triterpenoids'}	{'Oleanane triterpenoids', 'Lanostane, Tirucallane and Euphane triterpenoids|Oleanane triterpenoids'}
56	LQ-01-61-57_pos.mzXML	Microtropis triflora	Microtropis	Celastraceae	Celastraceae	{'Friedelane triterpenoids|Ursane and Taraxastane triterpenoids', 'Friedelane triterpenoids'}	{'Friedelane triterpenoids|Ursane and Taraxastane triterpenoids', 'Friedelane triterpenoids'}
57	LQ-01-61-58_pos.mzXML	Microtropis triflora	Microtropis	Celastraceae	Celastraceae	{'Friedelane triterpenoids|Ursane and Taraxastane triterpenoids', 'Friedelane triterpenoids'}	{'Friedelane triterpenoids|Ursane and Taraxastane triterpenoids', 'Friedelane triterpenoids'}
58	LQ-01-61-59_pos.mzXML	Microtropis triflora	Microtropis	Celastraceae	Celastraceae	{'Friedelane triterpenoids|Ursane and Taraxastane triterpenoids', 'Friedelane triterpenoids'}	{'Friedelane triterpenoids|Ursane and Taraxastane triterpenoids', 'Friedelane triterpenoids'}
59	LQ-01-61-60_pos.mzXML	Mystroxylon aethiopicum	Mystroxylon	Celastraceae	Celastraceae		
60	LQ-01-61-61_pos.mzXML	Mystroxylon aethiopicum	Mystroxylon	Celastraceae	Celastraceae		
61	LQ-01-61-62_pos.mzXML	Pleurostylia africana	Pleurostylia	Celastraceae	Celastraceae	{'Polyamines'}	{'Polyamines'}
62	LQ-01-61-63_pos.mzXML	Pleurostylia pachyphloea	Pleurostylia	Celastraceae	Celastraceae		{'Polyamines'}
63	LQ-01-61-64_pos.mzXML	Pleurostylia pachyphloea	Pleurostylia	Celastraceae	Celastraceae		{'Polyamines'}
64	LQ-01-61-65_pos.mzXML	Salacia chinensis	Salacia	Celastraceae	Celastraceae	{'Oleanane triterpenoids', 'Clovane sesquiterpenoids', 'Arylnaphthalene and aryltetralin lignans', 'Agarofuran sesquiterpenoids', 'Cyclitols', 'Friedelane triterpenoids|Pachysanane triterpenoids', 'Acyclic triterpenoids', 'Apocarotenoids(ε-)', 'Menthane monoterpenoids', 'Phenylethanoids', 'Flavones', 'Friedelane triterpenoids', 'Acyl phloroglucinols', 'Furanoid lignans', 'Dammarane and Protostane triterpenoids', 'Lupane triterpenoids', 'Pachysanane triterpenoids', 'Flavan-3-ols', 'Oleanane triterpenoids|Ursane and Taraxastane triterpenoids', 'Monosaccharides', 'Cinnamic acids and derivatives', 'Ursane and Taraxastane triterpenoids', 'Bauerane triterpenoids|Taraxerane triterpenoids|Ursane and Taraxastane triterpenoids', 'Neolignans', 'Agarofuran sesquiterpenoids|Eudesmane sesquiterpenoids', 'Caryolane sesquiterpenoids', 'Lactones', 'Furofuranoid lignans', 'Plant xanthones', 'Megastigmanes', 'Fatty acyl glycosides of mono- and disaccharides', 'Simple phenolic acids', 'Apocarotenoids(ε-)|Megastigmanes', 'Flavonols', 'Baccharane triterpenoids'}	{'Oleanane triterpenoids', 'Clovane sesquiterpenoids', 'Arylnaphthalene and aryltetralin lignans', 'Agarofuran sesquiterpenoids', 'Cyclitols', 'Friedelane triterpenoids|Pachysanane triterpenoids', 'Acyclic triterpenoids', 'Apocarotenoids(ε-)', 'Menthane monoterpenoids', 'Phenylethanoids', 'Flavones', 'Friedelane triterpenoids', 'Acyl phloroglucinols', 'Furanoid lignans', 'Dammarane and Protostane triterpenoids', 'Lupane triterpenoids', 'Pachysanane triterpenoids', 'Flavan-3-ols', 'Oleanane triterpenoids|Ursane and Taraxastane triterpenoids', 'Monosaccharides', 'Cinnamic acids and derivatives', 'Ursane and Taraxastane triterpenoids', 'Bauerane triterpenoids|Taraxerane triterpenoids|Ursane and Taraxastane triterpenoids', 'Neolignans', 'Agarofuran sesquiterpenoids|Eudesmane sesquiterpenoids', 'Caryolane sesquiterpenoids', 'Lactones', 'Furofuranoid lignans', 'Plant xanthones', 'Megastigmanes', 'Fatty acyl glycosides of mono- and disaccharides', 'Simple phenolic acids', 'Apocarotenoids(ε-)|Megastigmanes', 'Flavonols', 'Baccharane triterpenoids'}
65	LQ-01-61-66_pos.mzXML	Salacia chinensis	Salacia	Celastraceae	Celastraceae	{'Oleanane triterpenoids', 'Clovane sesquiterpenoids', 'Arylnaphthalene and aryltetralin lignans', 'Agarofuran sesquiterpenoids', 'Cyclitols', 'Friedelane triterpenoids|Pachysanane triterpenoids', 'Acyclic triterpenoids', 'Apocarotenoids(ε-)', 'Menthane monoterpenoids', 'Phenylethanoids', 'Flavones', 'Friedelane triterpenoids', 'Acyl phloroglucinols', 'Furanoid lignans', 'Dammarane and Protostane triterpenoids', 'Lupane triterpenoids', 'Pachysanane triterpenoids', 'Flavan-3-ols', 'Oleanane triterpenoids|Ursane and Taraxastane triterpenoids', 'Monosaccharides', 'Cinnamic acids and derivatives', 'Ursane and Taraxastane triterpenoids', 'Bauerane triterpenoids|Taraxerane triterpenoids|Ursane and Taraxastane triterpenoids', 'Neolignans', 'Agarofuran sesquiterpenoids|Eudesmane sesquiterpenoids', 'Caryolane sesquiterpenoids', 'Lactones', 'Furofuranoid lignans', 'Plant xanthones', 'Megastigmanes', 'Fatty acyl glycosides of mono- and disaccharides', 'Simple phenolic acids', 'Apocarotenoids(ε-)|Megastigmanes', 'Flavonols', 'Baccharane triterpenoids'}	{'Oleanane triterpenoids', 'Clovane sesquiterpenoids', 'Arylnaphthalene and aryltetralin lignans', 'Agarofuran sesquiterpenoids', 'Cyclitols', 'Friedelane triterpenoids|Pachysanane triterpenoids', 'Acyclic triterpenoids', 'Apocarotenoids(ε-)', 'Menthane monoterpenoids', 'Phenylethanoids', 'Flavones', 'Friedelane triterpenoids', 'Acyl phloroglucinols', 'Furanoid lignans', 'Dammarane and Protostane triterpenoids', 'Lupane triterpenoids', 'Pachysanane triterpenoids', 'Flavan-3-ols', 'Oleanane triterpenoids|Ursane and Taraxastane triterpenoids', 'Monosaccharides', 'Cinnamic acids and derivatives', 'Ursane and Taraxastane triterpenoids', 'Bauerane triterpenoids|Taraxerane triterpenoids|Ursane and Taraxastane triterpenoids', 'Neolignans', 'Agarofuran sesquiterpenoids|Eudesmane sesquiterpenoids', 'Caryolane sesquiterpenoids', 'Lactones', 'Furofuranoid lignans', 'Plant xanthones', 'Megastigmanes', 'Fatty acyl glycosides of mono- and disaccharides', 'Simple phenolic acids', 'Apocarotenoids(ε-)|Megastigmanes', 'Flavonols', 'Baccharane triterpenoids'}
66	LQ-01-61-67_pos.mzXML	Salacia chinensis	Salacia	Celastraceae	Celastraceae	{'Oleanane triterpenoids', 'Clovane sesquiterpenoids', 'Arylnaphthalene and aryltetralin lignans', 'Agarofuran sesquiterpenoids', 'Cyclitols', 'Friedelane triterpenoids|Pachysanane triterpenoids', 'Acyclic triterpenoids', 'Apocarotenoids(ε-)', 'Menthane monoterpenoids', 'Phenylethanoids', 'Flavones', 'Friedelane triterpenoids', 'Acyl phloroglucinols', 'Furanoid lignans', 'Dammarane and Protostane triterpenoids', 'Lupane triterpenoids', 'Pachysanane triterpenoids', 'Flavan-3-ols', 'Oleanane triterpenoids|Ursane and Taraxastane triterpenoids', 'Monosaccharides', 'Cinnamic acids and derivatives', 'Ursane and Taraxastane triterpenoids', 'Bauerane triterpenoids|Taraxerane triterpenoids|Ursane and Taraxastane triterpenoids', 'Neolignans', 'Agarofuran sesquiterpenoids|Eudesmane sesquiterpenoids', 'Caryolane sesquiterpenoids', 'Lactones', 'Furofuranoid lignans', 'Plant xanthones', 'Megastigmanes', 'Fatty acyl glycosides of mono- and disaccharides', 'Simple phenolic acids', 'Apocarotenoids(ε-)|Megastigmanes', 'Flavonols', 'Baccharane triterpenoids'}	{'Oleanane triterpenoids', 'Clovane sesquiterpenoids', 'Arylnaphthalene and aryltetralin lignans', 'Agarofuran sesquiterpenoids', 'Cyclitols', 'Friedelane triterpenoids|Pachysanane triterpenoids', 'Acyclic triterpenoids', 'Apocarotenoids(ε-)', 'Menthane monoterpenoids', 'Phenylethanoids', 'Flavones', 'Friedelane triterpenoids', 'Acyl phloroglucinols', 'Furanoid lignans', 'Dammarane and Protostane triterpenoids', 'Lupane triterpenoids', 'Pachysanane triterpenoids', 'Flavan-3-ols', 'Oleanane triterpenoids|Ursane and Taraxastane triterpenoids', 'Monosaccharides', 'Cinnamic acids and derivatives', 'Ursane and Taraxastane triterpenoids', 'Bauerane triterpenoids|Taraxerane triterpenoids|Ursane and Taraxastane triterpenoids', 'Neolignans', 'Agarofuran sesquiterpenoids|Eudesmane sesquiterpenoids', 'Caryolane sesquiterpenoids', 'Lactones', 'Furofuranoid lignans', 'Plant xanthones', 'Megastigmanes', 'Fatty acyl glycosides of mono- and disaccharides', 'Simple phenolic acids', 'Apocarotenoids(ε-)|Megastigmanes', 'Flavonols', 'Baccharane triterpenoids'}
67	LQ-01-61-68_pos.mzXML	Salacia cochinchinensis	Salacia	Celastraceae	Celastraceae		{'Oleanane triterpenoids', 'Clovane sesquiterpenoids', 'Arylnaphthalene and aryltetralin lignans', 'Agarofuran sesquiterpenoids', 'Cyclitols', 'Friedelane triterpenoids|Pachysanane triterpenoids', 'Acyclic triterpenoids', 'Apocarotenoids(ε-)', 'Menthane monoterpenoids', 'Phenylethanoids', 'Flavones', 'Friedelane triterpenoids', 'Acyl phloroglucinols', 'Furanoid lignans', 'Dammarane and Protostane triterpenoids', 'Lupane triterpenoids', 'Pachysanane triterpenoids', 'Flavan-3-ols', 'Oleanane triterpenoids|Ursane and Taraxastane triterpenoids', 'Monosaccharides', 'Cinnamic acids and derivatives', 'Ursane and Taraxastane triterpenoids', 'Bauerane triterpenoids|Taraxerane triterpenoids|Ursane and Taraxastane triterpenoids', 'Neolignans', 'Agarofuran sesquiterpenoids|Eudesmane sesquiterpenoids', 'Caryolane sesquiterpenoids', 'Lactones', 'Furofuranoid lignans', 'Plant xanthones', 'Megastigmanes', 'Fatty acyl glycosides of mono- and disaccharides', 'Simple phenolic acids', 'Apocarotenoids(ε-)|Megastigmanes', 'Flavonols', 'Baccharane triterpenoids'}
68	LQ-01-61-69_pos.mzXML	Salacia cochinchinensis	Salacia	Celastraceae	Celastraceae		{'Oleanane triterpenoids', 'Clovane sesquiterpenoids', 'Arylnaphthalene and aryltetralin lignans', 'Agarofuran sesquiterpenoids', 'Cyclitols', 'Friedelane triterpenoids|Pachysanane triterpenoids', 'Acyclic triterpenoids', 'Apocarotenoids(ε-)', 'Menthane monoterpenoids', 'Phenylethanoids', 'Flavones', 'Friedelane triterpenoids', 'Acyl phloroglucinols', 'Furanoid lignans', 'Dammarane and Protostane triterpenoids', 'Lupane triterpenoids', 'Pachysanane triterpenoids', 'Flavan-3-ols', 'Oleanane triterpenoids|Ursane and Taraxastane triterpenoids', 'Monosaccharides', 'Cinnamic acids and derivatives', 'Ursane and Taraxastane triterpenoids', 'Bauerane triterpenoids|Taraxerane triterpenoids|Ursane and Taraxastane triterpenoids', 'Neolignans', 'Agarofuran sesquiterpenoids|Eudesmane sesquiterpenoids', 'Caryolane sesquiterpenoids', 'Lactones', 'Furofuranoid lignans', 'Plant xanthones', 'Megastigmanes', 'Fatty acyl glycosides of mono- and disaccharides', 'Simple phenolic acids', 'Apocarotenoids(ε-)|Megastigmanes', 'Flavonols', 'Baccharane triterpenoids'}
69	LQ-01-61-70_pos.mzXML	Salacia cochinchinensis	Salacia	Celastraceae	Celastraceae		{'Oleanane triterpenoids', 'Clovane sesquiterpenoids', 'Arylnaphthalene and aryltetralin lignans', 'Agarofuran sesquiterpenoids', 'Cyclitols', 'Friedelane triterpenoids|Pachysanane triterpenoids', 'Acyclic triterpenoids', 'Apocarotenoids(ε-)', 'Menthane monoterpenoids', 'Phenylethanoids', 'Flavones', 'Friedelane triterpenoids', 'Acyl phloroglucinols', 'Furanoid lignans', 'Dammarane and Protostane triterpenoids', 'Lupane triterpenoids', 'Pachysanane triterpenoids', 'Flavan-3-ols', 'Oleanane triterpenoids|Ursane and Taraxastane triterpenoids', 'Monosaccharides', 'Cinnamic acids and derivatives', 'Ursane and Taraxastane triterpenoids', 'Bauerane triterpenoids|Taraxerane triterpenoids|Ursane and Taraxastane triterpenoids', 'Neolignans', 'Agarofuran sesquiterpenoids|Eudesmane sesquiterpenoids', 'Caryolane sesquiterpenoids', 'Lactones', 'Furofuranoid lignans', 'Plant xanthones', 'Megastigmanes', 'Fatty acyl glycosides of mono- and disaccharides', 'Simple phenolic acids', 'Apocarotenoids(ε-)|Megastigmanes', 'Flavonols', 'Baccharane triterpenoids'}
70	LQ-01-61-71_pos.mzXML	Salacia chinensis	Salacia	Celastraceae	Celastraceae	{'Oleanane triterpenoids', 'Clovane sesquiterpenoids', 'Arylnaphthalene and aryltetralin lignans', 'Agarofuran sesquiterpenoids', 'Cyclitols', 'Friedelane triterpenoids|Pachysanane triterpenoids', 'Acyclic triterpenoids', 'Apocarotenoids(ε-)', 'Menthane monoterpenoids', 'Phenylethanoids', 'Flavones', 'Friedelane triterpenoids', 'Acyl phloroglucinols', 'Furanoid lignans', 'Dammarane and Protostane triterpenoids', 'Lupane triterpenoids', 'Pachysanane triterpenoids', 'Flavan-3-ols', 'Oleanane triterpenoids|Ursane and Taraxastane triterpenoids', 'Monosaccharides', 'Cinnamic acids and derivatives', 'Ursane and Taraxastane triterpenoids', 'Bauerane triterpenoids|Taraxerane triterpenoids|Ursane and Taraxastane triterpenoids', 'Neolignans', 'Agarofuran sesquiterpenoids|Eudesmane sesquiterpenoids', 'Caryolane sesquiterpenoids', 'Lactones', 'Furofuranoid lignans', 'Plant xanthones', 'Megastigmanes', 'Fatty acyl glycosides of mono- and disaccharides', 'Simple phenolic acids', 'Apocarotenoids(ε-)|Megastigmanes', 'Flavonols', 'Baccharane triterpenoids'}	{'Oleanane triterpenoids', 'Clovane sesquiterpenoids', 'Arylnaphthalene and aryltetralin lignans', 'Agarofuran sesquiterpenoids', 'Cyclitols', 'Friedelane triterpenoids|Pachysanane triterpenoids', 'Acyclic triterpenoids', 'Apocarotenoids(ε-)', 'Menthane monoterpenoids', 'Phenylethanoids', 'Flavones', 'Friedelane triterpenoids', 'Acyl phloroglucinols', 'Furanoid lignans', 'Dammarane and Protostane triterpenoids', 'Lupane triterpenoids', 'Pachysanane triterpenoids', 'Flavan-3-ols', 'Oleanane triterpenoids|Ursane and Taraxastane triterpenoids', 'Monosaccharides', 'Cinnamic acids and derivatives', 'Ursane and Taraxastane triterpenoids', 'Bauerane triterpenoids|Taraxerane triterpenoids|Ursane and Taraxastane triterpenoids', 'Neolignans', 'Agarofuran sesquiterpenoids|Eudesmane sesquiterpenoids', 'Caryolane sesquiterpenoids', 'Lactones', 'Furofuranoid lignans', 'Plant xanthones', 'Megastigmanes', 'Fatty acyl glycosides of mono- and disaccharides', 'Simple phenolic acids', 'Apocarotenoids(ε-)|Megastigmanes', 'Flavonols', 'Baccharane triterpenoids'}
71	LQ-01-61-72_pos.mzXML	Salacighia letestuana	Salacia	Celastraceae	Celastraceae		{'Oleanane triterpenoids', 'Clovane sesquiterpenoids', 'Arylnaphthalene and aryltetralin lignans', 'Agarofuran sesquiterpenoids', 'Cyclitols', 'Friedelane triterpenoids|Pachysanane triterpenoids', 'Acyclic triterpenoids', 'Apocarotenoids(ε-)', 'Menthane monoterpenoids', 'Phenylethanoids', 'Flavones', 'Friedelane triterpenoids', 'Acyl phloroglucinols', 'Furanoid lignans', 'Dammarane and Protostane triterpenoids', 'Lupane triterpenoids', 'Pachysanane triterpenoids', 'Flavan-3-ols', 'Oleanane triterpenoids|Ursane and Taraxastane triterpenoids', 'Monosaccharides', 'Cinnamic acids and derivatives', 'Ursane and Taraxastane triterpenoids', 'Bauerane triterpenoids|Taraxerane triterpenoids|Ursane and Taraxastane triterpenoids', 'Neolignans', 'Agarofuran sesquiterpenoids|Eudesmane sesquiterpenoids', 'Caryolane sesquiterpenoids', 'Lactones', 'Furofuranoid lignans', 'Plant xanthones', 'Megastigmanes', 'Fatty acyl glycosides of mono- and disaccharides', 'Simple phenolic acids', 'Apocarotenoids(ε-)|Megastigmanes', 'Flavonols', 'Baccharane triterpenoids'}
72	LQ-01-61-73_pos.mzXML	Tripterygium hypoglaucum	Tripterygium	Celastraceae	Celastraceae	{'Oleanane triterpenoids', 'Abeoabietane diterpenoids|Tetracyclic diterpenoids', 'Unsaturated fatty acids', 'Agarofuran sesquiterpenoids', 'Asteriscane sesquiterpenoids', 'Abeoabietane diterpenoids|Abietane diterpenoids|Tetracyclic diterpenoids', 'Abietane diterpenoids|Podocarpane diterpenoids', 'Abeoabietane diterpenoids', 'Norkaurane diterpenoids', 'Friedelane triterpenoids', 'Podocarpane diterpenoids|Totarane diterpenoids', 'Pyridine alkaloids', 'Abietane diterpenoids', 'Agarofuran sesquiterpenoids|Pyridine alkaloids', 'Ursane and Taraxastane triterpenoids', 'Abeoabietane diterpenoids|Abietane diterpenoids', 'Norlabdane diterpenoids|Secoabietane diterpenoids', 'Friedelane triterpenoids|Oleanane triterpenoids', 'Agarofuran sesquiterpenoids|Eudesmane sesquiterpenoids', 'Stigmastane steroids', 'Agarofuran sesquiterpenoids|Terpenoid alkaloids', 'Dicarboxylic acids', 'Tetracyclic diterpenoids'}	{'Oleanane triterpenoids', 'Pyridine alkaloids|Terpenoid alkaloids', 'Abeoabietane diterpenoids|Tetracyclic diterpenoids', 'Unsaturated fatty acids', 'Flavanones', 'Glutinane triterpenoids', 'Kaurane and Phyllocladane diterpenoids', 'Arylnaphthalene and aryltetralin lignans', 'Agarofuran sesquiterpenoids', 'Taraxerane triterpenoids', 'Piperidine alkaloids', 'Acyclic triterpenoids', 'Norpimarane and Norisopimarane diterpenoids|Pimarane and Isopimarane diterpenoids', 'Apocarotenoids(ε-)', 'Isocoumarins', 'Asteriscane sesquiterpenoids', 'Norlabdane diterpenoids', 'Labdane diterpenoids|Norlabdane diterpenoids', 'Drimane sesquiterpenoids', 'Abeoabietane diterpenoids|Abietane diterpenoids|Tetracyclic diterpenoids', 'Abietane diterpenoids|Podocarpane diterpenoids', 'Abeoabietane diterpenoids', 'Norkaurane diterpenoids', 'Multiflorane triterpenoids', 'Eudesmane sesquiterpenoids', 'Flavones', 'Depsipeptides', 'Friedelane triterpenoids', 'Furanoid lignans', 'Wax monoesters', 'Dammarane and Protostane triterpenoids', 'Pterocarpan', 'Labdane diterpenoids', 'Flavan-3-ols|Proanthocyanins', 'Hydroxy fatty acids|Unsaturated fatty acids', 'Lupane triterpenoids', 'Podocarpane diterpenoids|Totarane diterpenoids', 'Pyridine alkaloids', 'Pachysanane triterpenoids', 'Podocarpane diterpenoids', 'Phenanthrenes', 'Oleanane triterpenoids|Ursane and Taraxastane triterpenoids', 'Abietane diterpenoids', 'Flavan-3-ols', 'Abeoabietane diterpenoids|Labdane diterpenoids', 'Ursane and Taraxastane triterpenoids', 'Agarofuran sesquiterpenoids|Pyridine alkaloids', 'Abeoabietane diterpenoids|Abietane diterpenoids', 'Gibberellins', 'Neolignans', 'Kaurane and Phyllocladane diterpenoids|Norkaurane diterpenoids', 'Friedelane triterpenoids|Oleanane triterpenoids', 'Lupane triterpenoids|Ursane and Taraxastane triterpenoids', 'Agarofuran sesquiterpenoids|Eudesmane sesquiterpenoids', 'Apocarotenoids (β-)|Megastigmanes', 'Branched fatty acids|Unsaturated fatty acids', 'Norlabdane diterpenoids|Secoabietane diterpenoids', 'Stigmastane steroids', 'Friedelane triterpenoids|Ursane and Taraxastane triterpenoids', 'Furofuranoid lignans', 'Lanostane, Tirucallane and Euphane triterpenoids', 'Agarofuran sesquiterpenoids|Terpenoid alkaloids', 'Cholestane steroids|Stigmastane steroids', 'Hopane and Moretane triterpenoids', 'Dicarboxylic acids', 'Megastigmanes', 'Tetracyclic diterpenoids', 'Totarane diterpenoids', 'Flavonols'}
73	LQ-01-61-74_pos.mzXML	Tripterygium wilfordii	Tripterygium	Celastraceae	Celastraceae	{'Oleanane triterpenoids', 'Pyridine alkaloids|Terpenoid alkaloids', 'Abeoabietane diterpenoids|Tetracyclic diterpenoids', 'Unsaturated fatty acids', 'Flavanones', 'Glutinane triterpenoids', 'Kaurane and Phyllocladane diterpenoids', 'Arylnaphthalene and aryltetralin lignans', 'Agarofuran sesquiterpenoids', 'Taraxerane triterpenoids', 'Piperidine alkaloids', 'Acyclic triterpenoids', 'Norpimarane and Norisopimarane diterpenoids|Pimarane and Isopimarane diterpenoids', 'Apocarotenoids(ε-)', 'Isocoumarins', 'Asteriscane sesquiterpenoids', 'Norlabdane diterpenoids', 'Labdane diterpenoids|Norlabdane diterpenoids', 'Drimane sesquiterpenoids', 'Abeoabietane diterpenoids|Abietane diterpenoids|Tetracyclic diterpenoids', 'Abietane diterpenoids|Podocarpane diterpenoids', 'Abeoabietane diterpenoids', 'Norkaurane diterpenoids', 'Multiflorane triterpenoids', 'Eudesmane sesquiterpenoids', 'Flavones', 'Depsipeptides', 'Friedelane triterpenoids', 'Furanoid lignans', 'Wax monoesters', 'Dammarane and Protostane triterpenoids', 'Pterocarpan', 'Labdane diterpenoids', 'Flavan-3-ols|Proanthocyanins', 'Hydroxy fatty acids|Unsaturated fatty acids', 'Lupane triterpenoids', 'Podocarpane diterpenoids|Totarane diterpenoids', 'Pyridine alkaloids', 'Pachysanane triterpenoids', 'Podocarpane diterpenoids', 'Phenanthrenes', 'Oleanane triterpenoids|Ursane and Taraxastane triterpenoids', 'Abietane diterpenoids', 'Flavan-3-ols', 'Abeoabietane diterpenoids|Labdane diterpenoids', 'Ursane and Taraxastane triterpenoids', 'Agarofuran sesquiterpenoids|Pyridine alkaloids', 'Abeoabietane diterpenoids|Abietane diterpenoids', 'Gibberellins', 'Neolignans', 'Kaurane and Phyllocladane diterpenoids|Norkaurane diterpenoids', 'Friedelane triterpenoids|Oleanane triterpenoids', 'Lupane triterpenoids|Ursane and Taraxastane triterpenoids', 'Agarofuran sesquiterpenoids|Eudesmane sesquiterpenoids', 'Apocarotenoids (β-)|Megastigmanes', 'Branched fatty acids|Unsaturated fatty acids', 'Norlabdane diterpenoids|Secoabietane diterpenoids', 'Stigmastane steroids', 'Friedelane triterpenoids|Ursane and Taraxastane triterpenoids', 'Furofuranoid lignans', 'Lanostane, Tirucallane and Euphane triterpenoids', 'Agarofuran sesquiterpenoids|Terpenoid alkaloids', 'Cholestane steroids|Stigmastane steroids', 'Hopane and Moretane triterpenoids', 'Dicarboxylic acids', 'Megastigmanes', 'Tetracyclic diterpenoids', 'Totarane diterpenoids', 'Flavonols'}	{'Oleanane triterpenoids', 'Pyridine alkaloids|Terpenoid alkaloids', 'Abeoabietane diterpenoids|Tetracyclic diterpenoids', 'Unsaturated fatty acids', 'Flavanones', 'Glutinane triterpenoids', 'Kaurane and Phyllocladane diterpenoids', 'Arylnaphthalene and aryltetralin lignans', 'Agarofuran sesquiterpenoids', 'Taraxerane triterpenoids', 'Piperidine alkaloids', 'Acyclic triterpenoids', 'Norpimarane and Norisopimarane diterpenoids|Pimarane and Isopimarane diterpenoids', 'Apocarotenoids(ε-)', 'Isocoumarins', 'Asteriscane sesquiterpenoids', 'Norlabdane diterpenoids', 'Labdane diterpenoids|Norlabdane diterpenoids', 'Drimane sesquiterpenoids', 'Abeoabietane diterpenoids|Abietane diterpenoids|Tetracyclic diterpenoids', 'Abietane diterpenoids|Podocarpane diterpenoids', 'Abeoabietane diterpenoids', 'Norkaurane diterpenoids', 'Multiflorane triterpenoids', 'Eudesmane sesquiterpenoids', 'Flavones', 'Depsipeptides', 'Friedelane triterpenoids', 'Furanoid lignans', 'Wax monoesters', 'Dammarane and Protostane triterpenoids', 'Pterocarpan', 'Labdane diterpenoids', 'Flavan-3-ols|Proanthocyanins', 'Hydroxy fatty acids|Unsaturated fatty acids', 'Lupane triterpenoids', 'Podocarpane diterpenoids|Totarane diterpenoids', 'Pyridine alkaloids', 'Pachysanane triterpenoids', 'Podocarpane diterpenoids', 'Phenanthrenes', 'Oleanane triterpenoids|Ursane and Taraxastane triterpenoids', 'Abietane diterpenoids', 'Flavan-3-ols', 'Abeoabietane diterpenoids|Labdane diterpenoids', 'Ursane and Taraxastane triterpenoids', 'Agarofuran sesquiterpenoids|Pyridine alkaloids', 'Abeoabietane diterpenoids|Abietane diterpenoids', 'Gibberellins', 'Neolignans', 'Kaurane and Phyllocladane diterpenoids|Norkaurane diterpenoids', 'Friedelane triterpenoids|Oleanane triterpenoids', 'Lupane triterpenoids|Ursane and Taraxastane triterpenoids', 'Agarofuran sesquiterpenoids|Eudesmane sesquiterpenoids', 'Apocarotenoids (β-)|Megastigmanes', 'Branched fatty acids|Unsaturated fatty acids', 'Norlabdane diterpenoids|Secoabietane diterpenoids', 'Stigmastane steroids', 'Friedelane triterpenoids|Ursane and Taraxastane triterpenoids', 'Furofuranoid lignans', 'Lanostane, Tirucallane and Euphane triterpenoids', 'Agarofuran sesquiterpenoids|Terpenoid alkaloids', 'Cholestane steroids|Stigmastane steroids', 'Hopane and Moretane triterpenoids', 'Dicarboxylic acids', 'Megastigmanes', 'Tetracyclic diterpenoids', 'Totarane diterpenoids', 'Flavonols'}
74	LQ-01-61-75_pos.mzXML	Tripterygium wilfordii	Tripterygium	Celastraceae	Celastraceae	{'Oleanane triterpenoids', 'Pyridine alkaloids|Terpenoid alkaloids', 'Abeoabietane diterpenoids|Tetracyclic diterpenoids', 'Unsaturated fatty acids', 'Flavanones', 'Glutinane triterpenoids', 'Kaurane and Phyllocladane diterpenoids', 'Arylnaphthalene and aryltetralin lignans', 'Agarofuran sesquiterpenoids', 'Taraxerane triterpenoids', 'Piperidine alkaloids', 'Acyclic triterpenoids', 'Norpimarane and Norisopimarane diterpenoids|Pimarane and Isopimarane diterpenoids', 'Apocarotenoids(ε-)', 'Isocoumarins', 'Asteriscane sesquiterpenoids', 'Norlabdane diterpenoids', 'Labdane diterpenoids|Norlabdane diterpenoids', 'Drimane sesquiterpenoids', 'Abeoabietane diterpenoids|Abietane diterpenoids|Tetracyclic diterpenoids', 'Abietane diterpenoids|Podocarpane diterpenoids', 'Abeoabietane diterpenoids', 'Norkaurane diterpenoids', 'Multiflorane triterpenoids', 'Eudesmane sesquiterpenoids', 'Flavones', 'Depsipeptides', 'Friedelane triterpenoids', 'Furanoid lignans', 'Wax monoesters', 'Dammarane and Protostane triterpenoids', 'Pterocarpan', 'Labdane diterpenoids', 'Flavan-3-ols|Proanthocyanins', 'Hydroxy fatty acids|Unsaturated fatty acids', 'Lupane triterpenoids', 'Podocarpane diterpenoids|Totarane diterpenoids', 'Pyridine alkaloids', 'Pachysanane triterpenoids', 'Podocarpane diterpenoids', 'Phenanthrenes', 'Oleanane triterpenoids|Ursane and Taraxastane triterpenoids', 'Abietane diterpenoids', 'Flavan-3-ols', 'Abeoabietane diterpenoids|Labdane diterpenoids', 'Ursane and Taraxastane triterpenoids', 'Agarofuran sesquiterpenoids|Pyridine alkaloids', 'Abeoabietane diterpenoids|Abietane diterpenoids', 'Gibberellins', 'Neolignans', 'Kaurane and Phyllocladane diterpenoids|Norkaurane diterpenoids', 'Friedelane triterpenoids|Oleanane triterpenoids', 'Lupane triterpenoids|Ursane and Taraxastane triterpenoids', 'Agarofuran sesquiterpenoids|Eudesmane sesquiterpenoids', 'Apocarotenoids (β-)|Megastigmanes', 'Branched fatty acids|Unsaturated fatty acids', 'Norlabdane diterpenoids|Secoabietane diterpenoids', 'Stigmastane steroids', 'Friedelane triterpenoids|Ursane and Taraxastane triterpenoids', 'Furofuranoid lignans', 'Lanostane, Tirucallane and Euphane triterpenoids', 'Agarofuran sesquiterpenoids|Terpenoid alkaloids', 'Cholestane steroids|Stigmastane steroids', 'Hopane and Moretane triterpenoids', 'Dicarboxylic acids', 'Megastigmanes', 'Tetracyclic diterpenoids', 'Totarane diterpenoids', 'Flavonols'}	{'Oleanane triterpenoids', 'Pyridine alkaloids|Terpenoid alkaloids', 'Abeoabietane diterpenoids|Tetracyclic diterpenoids', 'Unsaturated fatty acids', 'Flavanones', 'Glutinane triterpenoids', 'Kaurane and Phyllocladane diterpenoids', 'Arylnaphthalene and aryltetralin lignans', 'Agarofuran sesquiterpenoids', 'Taraxerane triterpenoids', 'Piperidine alkaloids', 'Acyclic triterpenoids', 'Norpimarane and Norisopimarane diterpenoids|Pimarane and Isopimarane diterpenoids', 'Apocarotenoids(ε-)', 'Isocoumarins', 'Asteriscane sesquiterpenoids', 'Norlabdane diterpenoids', 'Labdane diterpenoids|Norlabdane diterpenoids', 'Drimane sesquiterpenoids', 'Abeoabietane diterpenoids|Abietane diterpenoids|Tetracyclic diterpenoids', 'Abietane diterpenoids|Podocarpane diterpenoids', 'Abeoabietane diterpenoids', 'Norkaurane diterpenoids', 'Multiflorane triterpenoids', 'Eudesmane sesquiterpenoids', 'Flavones', 'Depsipeptides', 'Friedelane triterpenoids', 'Furanoid lignans', 'Wax monoesters', 'Dammarane and Protostane triterpenoids', 'Pterocarpan', 'Labdane diterpenoids', 'Flavan-3-ols|Proanthocyanins', 'Hydroxy fatty acids|Unsaturated fatty acids', 'Lupane triterpenoids', 'Podocarpane diterpenoids|Totarane diterpenoids', 'Pyridine alkaloids', 'Pachysanane triterpenoids', 'Podocarpane diterpenoids', 'Phenanthrenes', 'Oleanane triterpenoids|Ursane and Taraxastane triterpenoids', 'Abietane diterpenoids', 'Flavan-3-ols', 'Abeoabietane diterpenoids|Labdane diterpenoids', 'Ursane and Taraxastane triterpenoids', 'Agarofuran sesquiterpenoids|Pyridine alkaloids', 'Abeoabietane diterpenoids|Abietane diterpenoids', 'Gibberellins', 'Neolignans', 'Kaurane and Phyllocladane diterpenoids|Norkaurane diterpenoids', 'Friedelane triterpenoids|Oleanane triterpenoids', 'Lupane triterpenoids|Ursane and Taraxastane triterpenoids', 'Agarofuran sesquiterpenoids|Eudesmane sesquiterpenoids', 'Apocarotenoids (β-)|Megastigmanes', 'Branched fatty acids|Unsaturated fatty acids', 'Norlabdane diterpenoids|Secoabietane diterpenoids', 'Stigmastane steroids', 'Friedelane triterpenoids|Ursane and Taraxastane triterpenoids', 'Furofuranoid lignans', 'Lanostane, Tirucallane and Euphane triterpenoids', 'Agarofuran sesquiterpenoids|Terpenoid alkaloids', 'Cholestane steroids|Stigmastane steroids', 'Hopane and Moretane triterpenoids', 'Dicarboxylic acids', 'Megastigmanes', 'Tetracyclic diterpenoids', 'Totarane diterpenoids', 'Flavonols'}
75	LQ-01-61-78_pos.mzXML	Pristimera indica	Pristimera	Celastraceae	Celastraceae	{'Cucurbitane triterpenoids'}	{'Cucurbitane triterpenoids'}
